N/A,"N/A"
You,"لك"
Supplier,"المورد"
"Quote Rejected","اقتباس رفض"
"Quote Approved","اقتباس المعتمدة"
Yes,"نعم"
No,"لا"
Customer,"العملاء"
"View Quotes","عرض أسعار"
"Attachment not found.","المرفقات غير موجودة."
"Invalid request.","طلب غير صالح."
"Logged Out.","تسجيل الخروج."
"Supplier's Message","المورد رسالة"
"Supplier's Responses","المورد الردود"
"Quote Does Not exists.","اقتباس يكن موجودا."
"Quote Request #%1","اقتباس طلب #%1"
"Invalid Request.","طلب غير صالح."
"Quote Information","اقتباس المعلومات"
"My Requested Quotes","طلب أسعار"
"Request For Quote","طلب اقتباس"
"Please select product to quote.","الرجاء اختيار المنتج إلى الاقتباس."
"Request for quote is successfully raised.","طلب اقتباس بنجاح."
"Please login to send message to supplier.","يرجى تسجيل الدخول إلى إرسال رسالة إلى المورد."
"Product doesn't exist.","المنتج غير موجود."
"Out of stock","من المخزون"
"You added %1 to your shopping cart.","إضافة %1 إلى سلة التسوق الخاصة بك."
"We can't add this item to your shopping cart right now.","لا يمكننا إضافة هذا العنصر إلى سلة التسوق الخاصة بك الآن."
"We can't remove the item.","ونحن لا يمكن إزالة هذا البند."
"Something went wrong.","شيء ذهب على نحو خاطئ."
"We can't update the shopping cart.","لا يمكننا تحديث عربة التسوق."
Approved,"وافق"
Rejected,"رفض"
"quote product successfully added to the cart","اقتباس المنتج بنجاح إضافة إلى عربة التسوق"
"Buying Leads","شراء العملاء المتوقعين"
"Supplier Sign Up","مورد الاشتراك"
"Information was successfully saved.","المعلومات تم حفظها بنجاح."
"Twitterid cannot contain space and special characters,"يسمح الخاصة carecters @"
"Facebookid cannot contain space and special characters,"يسمح الخاصة carecters @"
"Instagram ID cannot contain space and special characters,"يسمح الخاصة carecters @"
"Google Plus ID cannot contain space and special characters,"يسمح الخاصة carecters @"
"Youtube ID cannot contain space and special characters,"يسمح الخاصة carecters @"
"Vimeo ID cannot contain space and special characters,"يسمح الخاصة carecters @"
"Pinterest ID cannot contain space and special characters,"يسمح الخاصة carecters @"
"Moleskine ID cannot contain space and special characters,"يسمح الخاصة carecters @"
"Tax/VAT Number cannot contain space and special characters","الضرائب/ضريبة القيمة المضافة عدد لا تحتوي على مساحة أحرف خاصة"
"Invalid Background Color","صالح لون الخلفية"
"Supplier Log In","المورد تسجيل الدخول"
"Customer's Message","العميل رسالة"
"Quick Order","طلب سريع"
"Request a Quote","طلب عرض أسعار"
"View Quote","عرض الاقتباس"
"Send Quote Request","لإرسال طلب أسعار"
"Quote Item does not exists.","اقتباس البند ليس موجودا."
"Quote successfully sent to customer.","اقتباس بنجاح إرسالها إلى العملاء."
"View Quote Request","عرض طلب عرض أسعار"
Quotes,"ونقلت"
"You must confirm your account. Please check your email for the confirmation link or <a href=""%1"">click here</a> for a new link.","يجب عليك تأكيد حسابك. يرجى التحقق من بريدك الالكتروني لتأكيد الارتباط أو <a href=%1>اضغط هنا</a> رابط جديد."
"There is already an account with this email address. If you are sure that it is your email address,"<a href=%1>اضغط هنا</a> للحصول على كلمة المرور الخاصة بك و الوصول إلى حسابك."
Settings,"الإعدادات"
"Already logged in.","بالفعل بتسجيل الدخول."
"Email id is already exist.","معرف البريد الإلكتروني هو موجود بالفعل."
Available,"المتاحة"
Verification,"التحقق"
"%1 is required field.","%1 هو حقل مطلوب."
"%1 is already exist.","%1 غير موجودة بالفعل."
"A verification email is sent to %1,"التحقق من البريد الوارد الخاص بك التحقق من البريد الإلكتروني أو %2 إلى إرسال رابط."
"Email Verified","التحقق من البريد الإلكتروني"
"Link expired.","الرابط انتهت صلاحيته."
Hours,"ساعات"
Days,"أيام"
"Add To Cart","إضافة إلى السلة"
New,"جديد"
Pending,"في انتظار"
Processing,"تجهيز"
Answered,"أجاب"
Complete,"كاملة"
Canceled,"إلغاء"
"Sent To Suppliers","إرسالها إلى الموردين"
"There was an error saving quote item attachment.","كان هناك خطأ في حفظ اقتباس البند المرفق."
"There was an error saving quote attachment.","كان هناك خطأ في حفظ الاقتباس المرفق."
"Requested Item : %1,"الكمية: %2"
"There was an error saving quote.","كان هناك خطأ في حفظ الاقتباس."
"Cannot delete quote with id %1","لا يمكن حذف الاقتباس مع معرف %1"
"Sorry,"ولكن الحد الأدنى المسموح به الكمية %1% 2."
"Quote Configuration","اقتباس التكوين"
View,"عرض"
"View Customer","عرض العملاء"
"View Product","عرض المنتج"
Quote(s),"اقتباس(s)"
"View Quote Information","عرض اقتباس المعلومات"
"No Quotes Available","لا يقتبس المتاحة"
"Supplier Name","اسم المورد"
"Quoted Qty","ونقلت الكمية"
"Quoted Price","السعر المعروض"
Thread,"الموضوع"
"Last Activity","آخر نشاط"
"Quoted Quantity","كمية نقل"
Action,"العمل"
Respond,"الرد"
Message,"الرسالة"
Comments,"تعليقات"
"Quote for %1 Product(s)","اقتباس %1 Product(s)"
"Show Info","عرض المعلومات"
"Hide Info","إخفاء معلومات"
"Show Description","عرض الوصف"
"Hide Description","إخفاء الوصف"
Quantity,"الكمية"
"%1 Units","%1 وحدة"
"Expected Price","السعر المتوقع"
"%1 Per Unit","%1 لكل وحدة"
"Expected Total","المجموع المتوقع"
"Requires Samples","يتطلب عينات"
"Show Sample Images","عرض عينة من الصور"
"Hide Sample Images","إخفاء عينة من الصور"
"Quote Summary","اقتباس ملخص"
"Quote Threads","اقتباس المواضيع"
"Show Threads","عرض المواضيع"
"Requested Quantity","طلبت كمية"
"Requires Sample","يتطلب عينة"
"Quotation #","اقتباس #"
"Per Unit","لكل وحدة"
Samples,"عينات"
Unit(s),"وحدة(ق)"
Shipping,"الشحن"
Day(s),"اليوم(s)"
"Sample Security Charges","عينة الأمن رسوم"
"Total Quoted Price","إجمالي السعر المعروض"
you,"لك"
"Approve Last Quote","الموافقة على الاقتباس الأخير"
"Reject Request","رفض طلب"
"please enter message.","يرجى إدخال الرسالة."
"Message is sent successfully.","يتم إرسال الرسالة بنجاح."
"Please enter comments.","يرجى إدخال التعليقات."
"Quote is approved.","اقتباس الموافقة."
"please enter comments.","يرجى إدخال التعليقات."
"Quote is rejected.","اقتباس رفض."
"Requested Quote for : %1","طلب اقتباس : %1"
"Created At : ","أنشأت في :"
"Description : ","وصف :"
"Attachments : ","المرفقات :"
"Requested Quote for %1 Product(s)","طلب اقتباس %1 Product(s)"
"View Suppliers Reponse","عرض الموردين الرد"
"Product Name","اسم المنتج"
"Quote Status","اقتباس حالة"
"Created After","التي تم إنشاؤها بعد"
"Created Before","التي تم إنشاؤها من قبل"
"Requested Quotes for Products","طلب ونقلت عن المنتجات"
Filters,"المرشحات"
"Quote's Status","اقتباس حالة"
"All Status","كل حالة"
"Apply Filter","تطبيق عامل تصفية"
"Active filters:","يشتغل:"
Remove,"إزالة"
"Clear all","مسح جميع"
Suppliers,"الموردين"
"Quoted Qty.","ونقلت الكمية."
"Requested On","طلب على"
"Product(s) Information","المنتج(ق) المعلومات"
Quanity,"كانيتي"
Price,"السعر"
" per qty","في الكمية"
Category,"الفئة"
"Enter Product Name or SKU Number","أدخل اسم المنتج أو رقم الكود"
"Product Description","وصف المنتج"
"Product Quantity","كمية المنتج"
"Expected Price per Quantity","السعر المتوقع في الكمية"
"Yes,"العينة المطلوبة"
"No,"عينة غير مطلوبة"
"Sample Product Images","عينة من الصور المنتج"
"Add Image","إضافة صورة"
"Add Sample Images.","إضافة عينة من الصور."
"Add Product","إضافة منتج"
"Quote Title","اقتباس العنوان"
"Quote Brief","اقتباس مختصر"
"Add Attachment","إضافة المرفقات"
"Contact Information","معلومات الاتصال"
Name,"اسم"
"Company Name","اسم الشركة"
Address,"عنوان"
"Contact Number","رقم الاتصال"
Reset,"إعادة تعيين"
"Request for Quote","طلب اقتباس"
"Delete image","حذف صورة"
"No record found! Please search for another keyword.","لا يوجد سجل وجدت! الرجاء البحث عن آخر الكلمة."
"Ask Question to Admin","طرح سؤال على المشرف"
"Top Selling Category","أعلى بيع الفئة"
"Lifetime Sales","عمر مبيعات"
"Total Payout","إجمالي تعويضات"
Yearly,"سنويا"
Monthly,"الشهري"
Weekly,"الأسبوعية"
Daily,"يوميا"
Activities,"الأنشطة"
"Price Rating","سعر تصنيف"
"Value Rating","تصنيف القيمة"
"Quality Rating","تقييم الجودة"
Subject,"الموضوع"
"Your Query","الاستعلام الخاص بك"
Submit,"تقدم"
"Latest Orders","أحدث أوامر"
"View All Orders","عرض جميع أوامر"
"View All","عرض جميع"
"Latest Comments & Reviews","أحدث التعليقات و الآراء"
"No comment & review available","لا تعليق & استعراض المتاحة"
Value,"القيمة"
Quality,"الجودة"
"Customer: ","العميل:"
"Date: ","التاريخ:"
"Price Reviews","سعر استعراض"
"Quality Reviews","جودة التقييمات"
"Value Reviews","قيمة استعراض"
Order(s),"أوامر"
Process,"عملية"
Product(s),"منتجات"
"Top Selling Products","أعلى بيع المنتجات"
"%1 Sales","%1 المبيعات"
Customer(s),"الزبائن"
"This month customer count","هذا الشهر العملاء العد"
"Last month customer count","الشهر الماضي العملاء العد"
Dashboard,"لوحة القيادة"
Messages,"رسائل"
"Order and Quotes","من أجل ونقلت"
Customers,"العملاء"
Products,"المنتجات"
Menu,"القائمة"
"Add Products","إضافة المنتجات"
"My Products List","بلدي قائمة المنتجات"
"Configurable Attribute","شكلي السمة"
Microsite,"الموقع"
Orders,"أوامر"
Transactions,"المعاملات"
Review,"استعراض"
"Become Supplier","تصبح المورد"
"Account Settings","إعدادات الحساب"
RFQ,"طلب اقتباس"
"Seller Panel","البائع الفريق"
"My Account","حسابي"
"Account Setting","إعداد حساب"
"View Profile","عرض الملف الشخصي"
Logout,"خروج"
"Toggle Nav","تبديل Nav"
"Allowed Product Min Qty to Purchase for Customer","يسمح المنتج دقيقة الكمية لشراء العملاء"
"Is Featured Product","هو المنتج المميز"
"Posted on","نشر على"
"Quantity - ","الكمية -"
"Price - ","السعر"
"Posted By - ","نشرت من قبل -"
"Location - ","الموقع"
"Send Quote","إرسال الاقتباس"
"please enter a message.","يرجى إدخال رسالة."
"Register as Supplier","تسجيل المورد"
Account,"الحساب"
Information,"المعلومات"
Personal,"الشخصية"
"You are","أنت"
Done,"به"
"Email Address","عنوان البريد الإلكتروني"
"Password","كلمة المرور"
"Confirm Password","تأكيد كلمة المرور"
Proceed,"المضي قدما"
"First Name","الاسم الأول"
"Last Name","الاسم الأخير"
Phone,"الهاتف"
"Company Url","شركة Url"
"This will be used to display your public profile","سيتم استخدام هذا إلى عرض الملف الشخصي العام"
"Address Information","معلومات العنوان"
Country,"البلد"
State/Province,"الدولة/المقاطعة"
"Please select a region,"الولاية أو المقاطعة."
City,"المدينة"
"Address Line","سطر العنوان"
"Zip/Postal Code","الرمز البريدي/الرمز البريدي"
Register,"تسجيل"
"Voila! Account Created!","فويلا! حساب خلق!"
"You have successfully registered as Supplier with us.","كنت قد سجلت بنجاح كما المورد مع الولايات المتحدة."
"Go to Dashboard","الذهاب إلى لوحة التحكم"
"Create a MicroSite","إنشاء الموقع"
"You can setup and customize your very own MicroSite for free,"حيث يمكنك عرض المعلومات الخاصة بك والمنتجات."
"Choose Relevant Categories","اختيار الفئات ذات الصلة"
"You can choose the categories you want to sell for and you will only receive relevant product quotations.","يمكنك اختيار الفئات التي ترغب في بيع وسوف تتلقى فقط المنتجات ذات الصلة الأسعار."
"Get Premium Badge","الحصول على قسط شارة"
"You can verify your business and become a Preminum Supplier for free to receive relatively more quotations.","يمكنك التحقق من الأعمال التجارية الخاصة بك وتصبح Preminum مورد مجاني لتلقي نسبيا أكثر الاقتباسات."
"Congratulations! Shop name is available.","تهانينا! اسم المحل هو متاح."
"Sorry! But this shop name is not available,"يرجى تعيين محل آخر الاسم."
"Supplier Sign In","المورد تسجيل الدخول"
"Sign In","تسجيل الدخول"
"Don't have account? Click here to register as Supplier","ليس لديك حساب ؟ اضغط هنا للتسجيل كما المورد"
"No Messages","لا رسائل"
Info,"معلومات عن الفندق"
Block,"كتلة"
"Type your reply here.","اكتب رد هنا."
Send,"إرسال"
"Categories you are selling and receiving quote for - ","فئات كنت تبيع وتلقي الاقتباس -"
"Select Categories","حدد فئات"
"Save Categories","حفظ فئات"
"Company Logo","شعار الشركة"
"Reset Logo","إعادة تعيين الشعار"
"Remove Logo","إزالة شعار"
"Company Banner","شركة راية"
Delete,"حذف"
"Delete Banner","حذف راية"
"no image","لا صورة"
"Company Tagline","شركة الشعار"
"Registered In","مسجلة في"
"Company Team Size","الشركة حجم الفريق"
Certification,"شهادة"
"Operational Address","عنوان التشغيلي"
State,"الدولة"
"Zip/Postal code","الرمز البريدي/الرمز البريدي"
Zip/Postcode,"الرمز البريدي/الرمز البريدي"
"Phone Number","رقم الهاتف"
"Corporate Address","عنوان الشركة"
"Update Information","معلومات التحديث"
"Company Overview","نظرة عامة على الشركة"
"Meta Keywords","الكلمات الرئيسية ميتا"
"Enter Meta Keywords Comma(',"') فصل.."
"Meta Description","وصف ميتا"
Twitter,"تويتر"
"Allow to Display Twitter Icon in Profile Page","السماح لعرض أيقونة تويتر في صفحة الملف الشخصي"
Facebook,"Facebook"
"Allow to Display Facebook Icon in Profile Page","السماح لعرض Facebook أيقونة في صفحة الملف الشخصي"
Instagram,"Instagram"
"Allow to Display Instagram Icon in Profile Page","السماح لعرض Instagram أيقونة في صفحة الملف الشخصي"
"Google Plus","جوجل بلس"
"Allow to Display Google Plus Icon in Profile Page","السماح لعرض جوجل بلس أيقونة في صفحة الملف الشخصي"
"Youtube ID","يوتيوب ID"
"Allow to Display Youtube Icon in Profile Page","السماح لعرض يوتيوب أيقونة في صفحة الملف الشخصي"
"Vimeo ID","فيميو ID"
"Allow to Display Vimeo Icon in Profile Page","السماح لعرض فيميو أيقونة في صفحة الملف الشخصي"
"Pinterest ID","بينتيريست ID"
"Allow to Display Pinterest Icon in Profile Page","يسمح عرض بينتيريست أيقونة في صفحة الملف الشخصي"
"Tax/VAT Number","الضرائب/ضريبة القيمة المضافة عدد"
"Enter Tax or VAT number","أدخل الضرائب أو ضريبة القيمة المضافة عدد"
Role/Designation,"الدور/تعيين"
"Response Time","وقت الاستجابة"
From,"من"
To,"إلى"
"Return Policy","عودة السياسة"
"Shipping Policy","سياسة الشحن"
"Privacy Policy","سياسة الخصوصية"
"Profile Page Target Url Path","صفحة الهدف مسار Url"
"Profile Page Request Url Path","صفحة طلب مسار Url"
"Collection Page Target Url Path","جمع الصفحة الهدف مسار Url"
"Collection Page Request Url Path","الصفحة جمع طلب مسار Url"
"Review Page Target Url Path","استعراض الصفحة الهدف مسار Url"
"Review Page Request Url Path","صفحة استعراض الطلب مسار Url"
"Location Page Target Url Path","صفحة الموقع المستهدف مسار Url"
"Location Page Request Url Path","صفحة الموقع طلب مسار Url"
"Privacy Policy Page Target Url Path","صفحة سياسة الخصوصية الهدف مسار Url"
"Privacy Policy Page Request Url Path","صفحة سياسة الخصوصية طلب مسار Url"
"Minimum Qty. To Order - %1","الحد الأدنى من الكمية. - %1"
Location,"الموقع"
"Make a Review","إجراء استعراض"
"positive feedback","ردود فعل إيجابية"
"%1 ratings","%1 التقييم"
"Visit Shop","زيارة متجر"
"Visit Website","زيارة موقع"
"Message Supplier","رسالة المورد"
"More Information","مزيد من المعلومات"
"Response Rate","معدل الاستجابة"
Hour(s),"الساعة(s)"
"SELLER'S COLLECTION","البائع جمع"
"We can't find products matching the selection.","ونحن لا يمكن العثور على منتجات مطابقة التحديد."
"Min. Order","دقيقة. النظام"
"Add to Cart","إضافة إلى السلة"
"In stock","في الأوراق المالية"
"Add to Wish List","إضافة إلى قائمة الأمنيات"
"Add to Compare","إضافة إلى مقارنة"
"Learn More","معرفة المزيد"
Verified,"التحقق"
"Premium Supplier","المورد قسط"
"%1 Ratings","%1 التقييم"
Close,"قريب"
"Write a Message","إرسال رسالة"
"Please enter desired result","يرجى إدخال النتيجة المرجوة"
"Send Message","إرسال رسالة"
" Wrong verification number. ","الخطأ رقم التحقق."
Contact,"الاتصال"
"Supplier Info","معلومات المورد"
"Supplier Address","مورد عنوان"
"Postal Code","الرمز البريدي"
"Supplier Contact Card","المورد بطاقة الاتصال"
"Featured Products","المنتجات المميزة"
"View Detail","عرض التفاصيل"
"View Larger Map","عرض خريطة أكبر"
Review(s),"استعراض(s)"
"About Company","عن الشركة"
Policies,"السياسات"
"Operation Address","عملية معالجة"
Overview,"نظرة عامة"
"Social Channels","القنوات الاجتماعية"
"Check in Facebook","تحقق في Facebook"
"Check in Twitter","تحقق في تويتر"
"Check in Google+","تحقق في Google+"
"Google +","جوجل +"
"Check in Vimeo","تحقق في فيميو"
Vimeo,"فيميو"
"Check in Youtube","تحقق في يوتيوب"
Youtube,"يوتيوب"
"Check in Instagram","تحقق في Instagram"
"Check in Pinterest","تحقق في بينتيريست"
Pinterest,"بينتيريست"
"Click Here to View Privacy Policy","انقر هنا للاطلاع على سياسة الخصوصية"
Subtotal,"المجموع الفرعي"
"Qty #","الكمية #"
Loading...,"تحميل..."
"Add Row","إضافة صف"
Summary,"ملخص"
"Proceed to Checkout","الشروع في الخروج"
Average,"متوسط"
"%1 Stars","%1 النجوم"
"based on %1 Ratings","استنادا إلى %1 التقييم"
"Write a Review","كتابة مراجعة"
"On - %1","على %1"
"%1 star","%1 نجمة"
"View All Reviews","عرض جميع التعليقات"
"Recently Added Products","وأضاف في الآونة الأخيرة المنتجات"
"View Collection","عرض مجموعة"
"View All %1 Products","عرض كافة %1 المنتجات"
Search,"البحث"
Buyer,"المشتري"
"Quote Again","أقتبس مرة أخرى"
"Sending Quote Request To","إرسال الاقتباس طلب"
"Quote Info","اقتباس معلومات"
"Quote Quantity","اقتباس الكمية"
"Quote Price Per Quantity","اقتباس السعر في الكمية"
"Sample Info","نموذج معلومات"
"Sample Unit","عينة وحدة"
"Yes - Applicable","نعم ينطبق"
"No - Not Applicable","لا لا ينطبق"
"Sample Charges Per Unit","رسوم عينة لكل وحدة"
"Shipping Info","معلومات الشحن"
"Shipping Time (In Days)","وقت الشحن (في أيام)"
"Note For Customer","ملاحظة للعملاء"
"Customer Name","اسم العميل"
Requested,"طلب"
" Units","الوحدات"
"View Request","عرض طلب"
"You have earned the Verified Supplier Badge","كنت قد حصلت على التحقق من المورد شارة"
"Once you verify the details above you will get the Verification Badge which will be displayed along with the profile.","بمجرد التحقق من التفاصيل أعلاه سوف تحصل على شارة التحقق التي سيتم عرضها جنبا إلى جنب مع الشخصية."
"You can not delete demo account user.","لا يمكنك حذف الحساب التجريبي المستخدم."
"You can not update demo account information.","لا يمكنك تحديث حساب تجريبي المعلومات."
"You can not change demo account information.","لا يمكنك تغيير الحساب التجريبي المعلومات."
"This action is disable on demo.","هذا العمل هو تعطيل التجريبي."
"You can not change this product detail.","لا يمكنك تغيير هذا المنتج من التفصيل."
"Welcome,"يرجى تسجيل الدخول"
Username,"اسم المستخدم"
"user name","اسم المستخدم"
password,"كلمة المرور"
"* Required Fields","* الحقول المطلوبة"
"If you have an account,"تسجيل الدخول باستخدام عنوان البريد الإلكتروني الخاص بك."
Email,"البريد الإلكتروني"
"Sign in","تسجيل الدخول"
"Forgot Your Password?","نسيت كلمة المرور الخاصة بك ؟ "
"Don't have account? Click here to register","ليس لديك حساب ؟ اضغط هنا للتسجيل"
"Registered Customers","العملاء المسجلين"
Login,"تسجيل الدخول"
"Delete Demo","حذف Demo"
"Demo Information","Demo المعلومات"
"Manage Buttons","إدارة أزرار"
"Button ID","زر ID"
Title,"العنوان"
Link,"الرابط"
"Demo Data","البيانات التجريبي"
"Sub Title","العنوان الفرعي"
"Background Color","لون الخلفية"
Type,"نوع"
Edit,"تحرير"
"Add Demo Information","إضافة Demo المعلومات"
"Addon Code","الملحق رمز"
Heading,"العنوان"
Description,"الوصف"
"Store Text","متجر النص"
"Store Link","رابط متجر"
"User Guide Url ","دليل المستخدم Url"
"Video Url","رابط الفيديو"
"Manage Features","إدارة الميزات"
"Feature ID","ميزة معرف"
"Font Code","الخط رمز"
Content,"المحتوى"
"Type of Feature","نوع من ميزة"
Admin,"المشرف"
Main,"الرئيسية"
"Main Content","المحتوى الرئيسي"
Buttons,"أزرار"
Features,"الميزات"
"Save Demo Product","حفظ المنتج التجريبي"
"List Addons","قائمة إضافات"
"Please select item(s).","الرجاء اختيار البند(ق)."
"A total of %1 record(s) have been effected.","مجموع من %1 سجل(s) قد تم تنفيذه."
"Demo Module ' . . ' is deleted successfull.","Demo وحدة ' . . ' حذف الناجحة."
"You have deleted the button.","عليك حذف زر."
"Something went wrong while deleting the Button.","حدث خطأ أثناء حذف زر."
"You have deleted the feature.","يجب حذف هذه الميزة."
"Something went wrong while deleting the Feature.","حدث خطأ أثناء حذف ميزة."
Demolist,"Demolist"
"This Module no longer exists.","هذه الوحدة لم يعد موجودا."
"You have saved the button.","حفظ زر."
"Something went wrong while saving the Button.","حدث خطأ أثناء حفظ زر."
"You have saved the feature.","حفظ الميزة."
"Something went wrong while saving the Feature.","حدث خطأ أثناء حفظ الميزة."
"Please fill all the feature's details.","يرجى ملء جميع ميزة تفاصيل."
"All Demo Modules","جميع وحدات Demo"
"Invalid image type","غير صالح نوع الصورة"
"There was a problem in uploading image","كانت هناك مشكلة في تحميل الصورة"
"You saved this Demo.","يمكنك حفظ هذا العرض."
"Something went wrong while saving the Demo.","حدث خطأ أثناء حفظ العرض."
"Requested product doesn't exist","المنتج المطلوب غير موجود"
"Demo Product","المنتج التجريبي"
"Demo Products","Demo المنتجات"
"A total of %1 product data(s) have been deleted.","مجموع من %1 بيانات المنتج(ق) قد تم حذفها."
"Product data has been successfully saved.","المنتج البيانات التي تم حفظها بنجاح."
Active,"نشط"
Deactive,"Deactive"
"Select an option","حدد خيارا"
"QA Team","يقوم فريق ضمان الجودة"
Demo,"Demo"
"Manage Demo Buttons","إدارة Demo أزرار"
"Type of Button","نوع من زر"
Frontend,"الواجهة"
Other,"أخرى"
"Add Button","إضافة زر"
"Manage Demo Information","إدارة المعلومات Demo"
"Module Name","اسم الوحدة النمطية"
Image,"صورة"
"User Guide Url","دليل المستخدم Url"
"Youtube Video Id","فيديو يوتيوب Id"
"Custom Option","الخيار مخصص"
Branch/Tag,"فرع/الوسم"
"Package Name","اسم حزمة"
"Permanently enable?","بشكل دائم تمكين?"
"Default Address","العنوان الافتراضي"
"Update Demo Details","التحديث تجريبي التفاصيل"
"Manage Demo Features","إدارة Demo الميزات"
"Font Awesome Code","الخط رهيبة رمز"
"Feature Text","ميزة النص"
"Add Feature","إضافة ميزة"
Install,"تثبيت"
"No demo setup yet","لا demo الإعداد بعد"
"Seller Dashboard","البائع لوحة التحكم"
January,"كانون الثاني / يناير"
February,"شباط / فبراير"
March,"آذار / مارس"
April,"نيسان / أبريل"
May,"قد"
June,"حزيران / يونيه"
July,"تموز / يوليه"
August,"آب / أغسطس"
September,"أيلول / سبتمبر"
October,"تشرين الأول / أكتوبر"
November,"تشرين الثاني / نوفمبر"
December,"كانون الأول / ديسمبر"
"Product approved","المنتج المعتمدة"
"Product disapproved","المنتجات المرفوضة"
". '</span>'",". '</span>'"
"Order placed notification","طلبية من الإخطار"
"Do You Want To Make This Customer As Seller ?","هل تريد أن تجعل هذا العميل البائع ؟ "
"Shop Url","متجر Url"
"Approve Seller","الموافقة على البائع"
"Assign Category","تعيين الفئة"
Commission,"اللجنة"
"Commission Details","لجنة التفاصيل"
"Change Commission","تغيير لجنة"
"Set Commission In Percentage For This Seller","تعيين لجنة في نسبة هذا البائع"
"Payment Information","معلومات الدفع"
"Do You Want To Remove This Seller ?","هل تريد إزالة هذا البائع ؟ "
"Check To Unapprove Seller","تحقق Unapprove البائع"
ID,"معرف"
"Product SKU","المنتج SKU"
"Product Price","سعر المنتج"
"Product Assignment","المنتج المهمة"
"Seller Account Information","البائع معلومات الحساب"
"Seller Profile Information","البائع المعلومات الشخصية"
"Admin Store","المشرف متجر"
"Admin Store View","المشرف عرض متجر"
"Select Store","حدد المتجر"
"Twitter ID","تويتر ID"
"Facebook ID","Facebook ID"
"Instagram ID","Instagram ID"
"Google+ ID","Google+ ID"
"Allow to Display Google+ Icon in Profile Page","السماح لعرض Google+ أيقونة في صفحة الملف الشخصي"
"Moleskine ID","Moleskine ID"
"Allow to Display Moleskine Icon in Profile Page","السماح لعرض Moleskine أيقونة في صفحة الملف الشخصي"
"Shop Title","متجر العنوان"
"Company Locality","شركة محلة"
"Select Country","حدد البلد"
"Company Description","وصف الشركة"
"Marketplace Seller Collection","السوق البائع جمع"
"Marketplace Seller Feedback","السوق البائع ردود الفعل"
"Marketplace Seller Location","السوق البائع الموقع"
"My Orders","أوامري"
Discount,"خصم"
"Total Tax","مجموع الضرائب"
"Shipping & Handling","الشحن والمناولة"
"Adjustment Refund","تعديل رد"
"Adjustment Fee","تعديل رسوم"
"Grand Total","المجموع الكلي"
"Total COD Charges","مجموع رسوم القد"
"Total Ordered Amount","مجموع أمر كمية"
"Total Ordered Amount(in base currency)","مجموع أمرت مبلغ(العملة الأساسية)"
"Total Vendor Amount","إجمالي المبلغ للبائع"
"Total Vendor Amount(in base currency)","إجمالي الموردين مبلغ(العملة الأساسية)"
"Total Admin Commission","مجموع مشرف اللجنة"
"Total Admin Commission(in base currency)","مجموع الادارة(العملة الأساسية)"
"View Order Detail","عرض الطلب التفاصيل"
"Items Ordered","المواد المطلوبة"
Invoices,"الفواتير"
Shipments,"شحنات"
Refunds,"المبالغ المستردة"
"Custom Value","قيمة مخصص"
"View Order","عرض الطلب"
"Order #%1 is %2.","من أجل #%1% 2."
"View Transaction","عرض الصفقة"
"View Review","View استعراض"
"Marketplace Seller Privacy Policy","السوق البائع سياسة الخصوصية"
" 's Privacy Policy","'سياسة الخصوصية"
"All Files","جميع الملفات"
"YouTube and Vimeo supported.","يوتيوب و فيميو الدعم."
"Vimeo supported.<br />To add YouTube video,"من فضلك اطلب من الادارة لتعيين مفتاح API يوتيوب الأولى."
"My Product List","المنتج قائمة"
"Attribute Values","السمة القيم"
"Bulk Images &amp; Price","معظم الصور &أمبير السعر"
"Select Attributes","حدد سمات"
"Marketplace Seller Profile","السوق البائع الشخصي"
"My Transactions","المعاملات"
"Become Seller","تصبح البائع"
"Congratulations! Your seller account is created.","تهانينا! البائع الخاص بك إنشاء حساب."
"Your request to become seller is successfully raised.","طلبك لتصبح البائع بنجاح."
"We can't save the customer.","لا يمكننا إنقاذ العميل."
"Please confirm that you want to become seller.","الرجاء التأكد من أن كنت تريد أن تصبح البائع."
"Shop URL already exist please set another.","متجر URL موجود بالفعل يرجى وضع آخر."
"Marketplace Customers","السوق العملاء"
"Marketplace Seller Dashboard","السوق البائع لوحة التحكم"
"invalid request","طلب غير صالح"
"see error log for details","راجع سجل الأخطاء للحصول على التفاصيل"
"Service unavailable: %1","الخدمة غير متوفرة: %1"
"Marketplace Seller Profile Page","السوق البائع صفحة الملف الشخصي"
"Profile information was successfully saved","المعلومات الشخصية تم حفظها بنجاح"
"Marketplace Vendor Login","السوق بائع تسجيل الدخول"
"Marketplace Notifications","السوق الإخطارات"
"Marketplace Review","السوق استعراض"
"The URL Rewrite has been saved.","إعادة كتابة URL تم حفظها."
"Payment information was successfully saved","معلومات الدفع تم حفظها بنجاح"
"Manage Commission","إدارة اللجنة"
"Manage Feedback","إدارة التعليقات"
"A total of %1 record(s) has been approved.","مجموع من %1 سجل(s) وقد تم الموافقة عليها."
"A total of %1 record(s) has been disapproved.","مجموع من %1 سجل(s) تم رفضها."
"Manage Seller's Order","إدارة البائع النظام"
"A total of %1 record(s) have been approved.","مجموع من %1 سجل(s) تم الموافقة عليها."
"Payment has been successfully done for this seller","الدفع تم بنجاح فعلت هذا البائع"
"We can't pay the seller right now. %1","لا يمكننا دفع البائع الآن. %1"
"Product has been Denied.","المنتج قد تم رفضه."
"Manage Seller's Product","إدارة المنتج البائع"
"A total of %1 record(s) have been disapproved.","مجموع من %1 سجل(s) تم رفضها."
"Seller has been Denied.","البائع قد حرم."
"Manage Sellers","إدارة البائعين"
"A total of %1 record(s) have been approved as seller.","مجموع من %1 سجل(s) كما وافق البائع."
"Sellers Transaction","الباعة الصفقة"
"This order no longer exists.","هذا الأمر لم يعد موجودا."
"You are not authorize to manage this order.","أنت لا يأذن لإدارة هذا النظام."
"The invoice no longer exists.","الفاتورة لم يعد موجودا."
"You are not authorize to view this invoice.","أنت لا يأذن لعرض هذه الفاتورة."
"The shipment no longer exists.","الشحنة لم يعد موجودا."
"You are not authorize to view this shipment.","أنت لا يأذن لعرض هذه الشحنة."
"The creditmemo no longer exists.","على creditmemo لم يعد موجودا."
"You are not authorize to view this creditmemo.","أنت لا يأذن لعرض هذا creditmemo."
"The order has been cancelled.","النظام قد ألغي."
"You are not permitted to cancel this order.","لا يجوز إلغاء هذا النظام."
"We can't send the email order right now.","لا يمكننا إرسال البريد الإلكتروني من أجل الحق الآن."
"The credit memo's total must be positive.","الائتمان مذكرة إجمالي يجب أن تكون إيجابية."
"Cannot create online refund for Refund to Store Credit.","لا يمكن إنشاء على الانترنت استرداد المبلغ إلى رصيد."
"You created the credit memo.","إنشاء مذكرة الائتمان."
"We can't save the credit memo right now.","لا يمكننا توفير الائتمان مذكرة الآن."
"You can not create credit memo for this order.","لا يمكنك إنشاء مذكرة الائتمان لهذا النظام."
"New Credit Memo for Order #%1","الجديد مذكرة الائتمان للحد #%1"
"The message has been sent.","قد تم إرسال الرسالة."
"Failed to send the creditmemo email.","فشل في إرسال creditmemo البريد الإلكتروني."
"We can't print the creditmemo right now.","لا يمكننا طباعة creditmemo الآن."
"Order #%1","من أجل #%1"
"Credit Memo - Order #%1","مذكرة الائتمان النظام #%1"
"You sent the order email.","يمكنك إرسال الطلب عبر البريد الإلكتروني."
"Marketplace Seller Orders","السوق البائع أوامر"
"Can not create invoice as order is in HOLD state","لا يمكن إنشاء الفاتورة كما هو في عقد الدولة"
"We can't save the invoice right now.","نحن لا يمكن حفظ الفاتورة الآن."
"You can't create an invoice without products.","لا يمكنك إنشاء فاتورة دون المنتجات."
"Invoice has been created for this order.","الفاتورة تم إنشاء هذا النظام."
"Failed to send the invoice email.","فشل في إرسال الفاتورة عبر البريد الإلكتروني."
"There are no printable documents related to selected date range.","لا توجد للطباعة الوثائق ذات الصلة إلى النطاق الزمني المحدد."
"We can't print the invoice right now.","لا يمكننا طباعة الفاتورة الآن."
"Information was successfully saved","المعلومات تم حفظها بنجاح"
"Order Details of Product : %1","من أجل تفاصيل المنتج : %1"
"Can not create shipment as order is in HOLD state","لا يمكن إنشاء الشحن كما هو في عقد الدولة"
"Cannot do shipment for the order separately from invoice.","لا يمكن الشحن عن النظام بشكل منفصل عن الفاتورة."
"Cannot do shipment for the order.","لا يمكن الشحن عن النظام."
"The shipment has been created.","الشحنة تم إنشاؤه."
"The shipping label has been created.","الشحن التسمية تم إنشاؤه."
"We can't save the shipment right now.","نحن لا يمكن حفظ الشحنة الآن."
"Failed to send the Shipping email.","فشل في إرسال الشحن البريد الإلكتروني."
"We can't print the shipment right now.","لا يمكننا طباعة الشحن الآن."
"Please specify a carrier.","يرجى تحديد الناقل."
"Please enter a tracking number.","يرجى إدخال رقم تتبع."
"We can't initialize shipment for adding tracking number.","لا يمكننا تهيئة الشحن إضافة عدد تتبع."
"Cannot add tracking number.%1","لا يمكن إضافة عدد تتبع.%1"
"We can't load track with retrieving identifier right now.%1","لا يمكننا تحميل المسار مع استرداد معرف الآن.%1"
"We can't delete tracking number.","لا يمكننا حذف عدد تتبع."
"Manage Print PDF Header Info","إدارة الطباعة PDF رأس معلومات"
"Notification marked as read.","إعلام وضع علامة للقراءة."
"Product Type Or Attribute Set Invalid or Not Allowed","نوع المنتج أو تعيين سمة غير صالحة أو لا يسمح"
"Create Attribute","إنشاء سمة"
"Attribute Code already exists","السمة رمز موجود بالفعل"
"Attribute code ""%1"" is invalid. Please use only letters (a-z),"أرقام (0-9) أو تسطير أسفل السطر(_) في هذا المجال"
"Attribute Created Successfully","السمة التي تم إنشاؤها بنجاح"
"Add New Product","إضافة منتج جديد"
"Please select attribute set and product type.","حدد تعيين سمة و نوع المنتج."
"Something went wrong while getting the requested content.","حدث خطأ أثناء الحصول على المحتوى المطلوب."
"This product no longer exists.","هذا المنتج لم يعد موجودا."
"Edit Product","تحرير المنتج"
"Could not get preview image information. Please check your connection and try again.","لا يمكن الحصول على صورة المعاينة المعلومات. يرجى التحقق من الاتصال الخاص بك وحاول مرة أخرى."
"Products are successfully deleted from your account.","المنتجات بنجاح حذفها من حسابك."
"Marketplace Product List","السوق قائمة المنتجات"
"Your product has been successfully saved","المنتج الخاص بك قد تم حفظها بنجاح"
"Name has to be completed","اسم لابد من الانتهاء"
"Description has to be completed","الوصف لابد من الانتهاء"
"Price should contain only decimal numbers","السعر يجب أن تحتوي فقط على الأرقام العشرية"
"Weight should contain only decimal numbers","الوزن يجب أن تحتوي فقط على الأرقام العشرية"
"Product quantity should contain only decimal numbers","كمية المنتج يجب أن تحتوي فقط على الأرقام العشرية"
"Sku Type has to be selected","Sku نوع يجب أن يكون اختيار"
"Sku has to be completed","Sku لابد من الانتهاء"
"Price Type has to be selected","نوع السعر قد يتم اختيارها"
"Weight Type has to be selected","نوع الوزن يجب أن تكون مختارة"
"Default Title has to be completed","العنوان الافتراضي لابد من الانتهاء"
"Allowed Product Cart Limit Qty should contain only decimal numbers","يسمح المنتج عربة الحد الكمية يجب أن تحتوي فقط على الأرقام العشرية"
"Product Type Invalid Or Not Allowed","نوع المنتج غير صالح أو لا يسمح"
"You are not allowed to add virtual products,"لذا يرجى تحديد وزن المنتج."
"You duplicated the product.","يمكنك تكرار المنتج."
"I would like to inform you that recently I have added a new product in the store.","أود أن أبلغكم أنه في الآونة الأخيرة لقد تم إضافة منتج جديد في المتجر."
"I would like to inform you that recently I have updated a  product in the store.","أود أن أبلغكم أنه في الآونة الأخيرة لقد قمت بتحديث المنتج في المخزن."
"The image cannot be removed as it has been assigned to the other image role","صورة لا يمكن إزالتها كما تم تعيين صورة أخرى دور"
"Your Review was successfully saved","الاستعراض الخاص بك تم حفظها بنجاح"
"Marketplace Seller List","السوق قائمة البائع"
None,"لا شيء"
"Marketplace Seller Transactions","السوق البائع المعاملات"
"Marketplace Seller Transaction View","السوق البائع عرض الصفقة"
"Your withdrawal request has been sent successfully.","طلب السحب الخاص بك قد تم إرسالها بنجاح."
Simple,"بسيطة"
Downloadable,"للتحميل"
Virtual,"الظاهري"
Configurable,"شكلي"
"Grouped Product","تجميع المنتج"
"Bundle Product","حزمة المنتج"
"%1 days ago","%1 أيام مضت"
"%1 hours ago","%1 ساعة مضت"
"%1 minutes ago","%1 دقيقة مضت"
"%1 seconds ago","%1 ثانية"
"%1 is approved.","%1 هو المعتمد."
"%1 is disapproved.","%1 هو مرفوض."
"You have recieved payment for #%1 order. Mode of payment is %2.","كنت قد استلمت الدفع ل #%1 النظام. طريقة الدفع هي %2."
"%1 gives %2 star rating.","%1% 2 تصنيف النجوم."
"Seller has been paid online","البائع قد دفع على الانترنت"
Ordered,"أمرت"
Invoiced,"فواتير"
Shipped,"شحنها"
Refunded,"رد"
"Notified customer about invoice #%1.","إخطار العملاء عن فاتورة #%1."
"The captured amount is %1.","القبض المبلغ هو %1."
"Bad controller interface for showing product","سيئة تحكم واجهة عرض المنتج"
"Product is not loaded","المنتج لم يتم تحميل"
"Layout 1","تخطيط 1"
"Layout 2","تخطيط 2"
"Layout 3","تخطيط 3"
Static,"ثابت"
Dynamic,"ديناميكية"
Disapproved,"رفض"
"1 Star","1 نجمة"
"2 Star","نجوم 2"
"3 Star","3"
"4 Star","4"
"5 Star","5 نجوم"
Product,"المنتج"
Sale,"للبيع"
Transaction,"الصفقة"
"New product added by the seller","المنتج الجديد المضافة من قبل البائع"
". '</span>' '<span class=""wk-focus"">' . . '</span>'",". '</span>' '<span class=wk-التركيز>' . . '</span>'"
"Product details updated by seller","تفاصيل المنتج تحديث من قبل البائع"
"New Customer registered as seller","عميل جديد مسجل باسم البائع"
"New review submitted by buyer","المراجعة الجديدة المقدمة من قبل المشتري"
"Unable to remove notification data record with id %1","غير قادر على إزالة الإخطار سجل بيانات مع معرف %1"
"Order # ","من أجل #"
"Order Date: ","تاريخ الطلب:"
"Payment Method:","طريقة الدفع:"
"Shipping Method:","طريقة الشحن:"
"Total Shipping Charges","مجموع رسوم الشحن"
Number,"عدد"
"Sold to:","تباع:"
"Ship to:","السفينة:"
"Payment Method","طريقة الدفع"
"Invoice # ","فاتورة #"
"No Request","أي طلب"
Paid,"دفعت"
Hold,"عقد"
Voided,"باطلة"
"Credit Memo # ","الائتمان Memo #"
"Packing Slip # ","التعبئة زلة #"
Enabled,"تمكين"
Disabled,"تعطيل"
"You removed the customer from seller.","يمكنك إزالة العملاء من البائع."
"This Shop URL already Exists.","هذا المحل URL موجود بالفعل."
"You created the customer as seller.","يمكنك إنشاء العملاء البائع."
"Enter Shop Name of Customer.","أدخل اسم المحل من العملاء."
"Twitterid cannot contain space and special characters","Twitterid لا يمكن أن تحتوي على مساحة أحرف خاصة"
"Facebookid cannot contain space and special characters","Facebookid لا يمكن أن تحتوي على مساحة أحرف خاصة"
"The product with id %1 is already assigned to other seller.","المنتج مع معرف %1 تعيينه بالفعل إلى غيرها من البائع."
"Products has been successfully assigned to seller.","المنتجات قد تم بنجاح المعين إلى البائع."
"Sorry,"ولكن يمكنك فقط إضافة أقصى %1 كمية من %2 في هذه العربة."
"Cash On Delivery Charges","نقدا عند التسليم رسوم"
"Shipping & Handling Charges","الشحن والمناولة"
"Tax Amount","مبلغ الضريبة"
Grandtotal,"Grandإجمالي"
"View Orders","عرض الطلبات"
Order,"النظام"
"Pay Seller","دفع البائع"
"Item Pending","البند انتظار"
"Item Cancelled","البند إلغاء"
"Item Refunded","البند ردها"
"Already Paid","دفعت بالفعل"
"Add a Notify Message To Seller?","إضافة إلى إبلاغ رسالة إلى البائع ؟ "
Pay,"الدفع"
"What is the reason to deny this product?","ما هو السبب في حرمان هذا المنتج ؟ "
Deny,"ينكر"
"What is the reason to deny this seller?","ما هو السبب في حرمان هذا البائع ؟ "
"Assigned Product Ids","تعيين معرفات المنتج"
"Product Category","فئة المنتج"
CATEGORIES,"فئات"
"Total Sale","مجموع بيع"
"Total Seller Sale","مجموع البائع البيع"
"Total Admin Sale","مجموع المشرف للبيع"
"Current Commission %","اللجنة الحالية %"
"Shop name is available.","اسم المحل هو متاح."
"Shop name is already exists.","اسم المحل هو موجود بالفعل."
"Payment Information not filled by the Seller yet.","معلومات الدفع لا شغل من قبل البائع بعد."
"Click here to view product(s) list","انقر هنا لعرض المنتج(ق) قائمة"
"Click here to view seller(s) list","انقر هنا لعرض البائع(s) قائمة"
"Click here to view feedback(s) list","انقر هنا لعرض ردود الفعل(s) قائمة"
SKU,"الكود"
"By Seller","من قبل البائع"
"Seller Payment Information","البائع معلومات الدفع"
"Seller Name ","اسم البائع"
"Seller Email ","البائع البريد الإلكتروني"
"Total Amount To Be Pay ","مجموع المبلغ الواجب الدفع"
"Add Comment","إضافة تعليق"
"Seller Request Panel","البائع طلب الفريق"
"Waiting for approval from admin","في انتظار الموافقة من الادارة"
Save,"حفظ"
"Shop URL","متجر URL"
"Please enter shop URL","من فضلك ادخل المحل URL"
"Do you want to become a seller / vendor ?","هل تريد أن تصبح بائع / الموردين ؟ "
"Sales By Locations","البيع عن طريق المواقع"
Year,"العام"
Month,"الشهر"
Week,"الأسبوع"
Day,"اليوم"
"Sales Stats","احصائيات المبيعات"
" Total Payout ","إجمالي تعويضات"
" Remaining Amount ","المبلغ المتبقي"
"Latest Order","أحدث النظام"
"No Order Available","لا أمر متاح"
"Order Total (Base)- ","الطلب الكلي (القاعدة)-"
"Order Total (Purchased)- ","الطلب الكلي (شراء)-"
"no comment & review available","لا تعليق & استعراض المتاحة"
Back,"مرة أخرى"
"Edit Profile Information","تحرير معلومات الملف الشخصي"
"Save Profile","حفظ الملف"
"Google Plus ID","جوجل بلس ID"
"Enter Contact Number","أدخل رقم الاتصال"
"Enter Contact Number with country code ex: (123) 456-7890","أدخل رقم الاتصال مع رمز البلد السابق: (123) 456-7890"
"Theme : Background Color","موضوع : لون الخلفية"
"Delete Image","حذف صورة"
"Seller Logo","البائع شعار"
"Manage Your Shop Url","إدارة المحل الخاص بك Url"
"Set Your New Shop Url","يقع متجر Url"
"Save Url","توفير Url"
"Edit Your Shop Url","تحرير محل Url"
"Edit Payment Information","تحرير معلومات الدفع"
"Save Payment","حفظ الدفع"
"Payment Details","تفاصيل الدفع"
Marketplace,"السوق"
"Marketplace Dashboard","السوق لوحة التحكم"
"Seller Profile","البائع الشخصي"
"New Products","منتجات جديدة"
"Click here to view product list","انقر هنا لعرض قائمة المنتجات"
"My Transaction List","بلدي قائمة المعاملات"
"Click here to view transaction history","انقر هنا لعرض تاريخ المعاملات"
"My Order History","طلبي التاريخ"
"Click here to view order history","انقر هنا لعرض تاريخ النظام"
"Review Notification","مراجعة الإشعار"
"Click here to view all reviews","انقر هنا لعرض جميع الآراء"
"Sold By","المباعة من قبل"
"Do You Want To Become A Seller / Vendor?","هل تريد أن تصبح بائع / الموردين ؟ "
"Agree as Seller","توافق على البائع"
"Disagree as Seller","كما اختلف البائع"
"Payment Settings","إعدادات الدفع"
"Profile Settings","إعدادات الملف الشخصي"
"Shipping Settings","إعدادات الشحن"
"Buyer Dashboard","المشتري لوحة التحكم"
"View Seller's Shop","عرض البائع في المحل"
"%1 Products","%1 من المنتجات"
"View Seller's Collection","عرض البائع جمع"
"Huge Buyers","ضخمة المشترين"
"Get your product showcased to a huge range of customers,"كل مستخدم العديد من المحلات التجارية من الولايات المتحدة."
"Quick Payments","سريعة المدفوعات"
"Once goods have been successfully delivered to respective customers,"يمكنك طلب دفع تعويضات."
"Earn Badges","كسب شارات"
"Once you climb a milestone you get awarded with a badge,"مما يجعلك تبدو مثل الموالية."
"Customize Profile","تخصيص الملف الشخصي"
"Customize your profile with information like profile logo,"موقع متجر"
"Add Media","إضافة وسائل الإعلام"
"Embed video YouTube to make your account more genuine and stand out in the queue.","تضمين فيديو يوتيوب لجعل حسابك أكثر حقيقية و الوقوف في طابور."
"Got Stuck? Ask Questions","متورطون ؟ طرح الأسئلة"
"If you ever get stuck,"اسمحوا لنا أن نعرف ونحن سوف تساعدك مع أفضل ما لدينا في أقل وقت ممكن."
"Manage Your Orders","إدارة أوامر"
"Manage your orders at maximum ease and help customers to have a better shopping experience.","إدارة الأوامر الخاصة بك في أقصى سهولة و مساعدة العملاء على تحسين تجربة التسوق."
"Get Yourself Verified","الحصول على نفسك التحقق"
"Add a verified brooch to your profile by providing very necessary some business details and documents.","إضافة التحقق من بروش إلى ملف التعريف الخاص بك من خلال توفير ضروري جدا بعض الأعمال من التفاصيل والوثائق."
"Create Your Own Collection","إنشاء مجموعتك الخاصة"
"Add various products and create your own product collection that will be visible to customers.","إضافة منتجات مختلفة و إنشاء المنتج الخاص بك جمع من شأنها أن تكون مرئية للعملاء."
"Add Unlimited Products","إضافة غير محدود من المنتجات"
"Add unlimited products which you want and fulfill your customers need.","إضافة غير محدود المنتجات التي تريد تلبية حاجة العملاء."
"Really Easy To Setup And Customize","حقا سهلة الإعداد وتخصيص"
"Create an Account","إنشاء حساب"
"Create your Profile","إنشاء ملف التعريف الخاص بك"
"Add your Details","إضافة التفاصيل الخاصة بك"
"Add your Product Listing","إضافة قائمة المنتجات"
"Sell your Products and Earn Points","بيع المنتجات الخاصة بك وكسب نقاط"
"Register As Seller","تسجيل البائع"
"Open your own online shop & explore a new world of marketplace with more and millions of shoppers","فتح متجر على الانترنت و استكشاف عالم جديد من السوق مع الملايين من المتسوقين"
"Open Your Shop","فتح متجر الخاصة بك"
"Ask Questions","طرح الأسئلة"
"Shop URL For Your Marketplace Shop","متجر URL الخاص بك في السوق المحل"
"Yes,"أنا أوافق على"
"Terms and Conditions","الشروط والأحكام"
"Already have account! click here to login","بالفعل الحساب! انقر هنا للدخول"
"Items Refunded","البنود ردها"
Qty,"الكمية"
"COD Charges","رسوم القد"
"Discount Amount","خصم المبلغ"
"Row Total","صف المجموع"
"Excl. Tax","بدون ضريبة القيمة المضافة. الضرائب"
"Tax Total","الضريبة مجموع"
"Discount Total","خصم إجمالي"
"Creditmemo List","Creditmemo قائمة"
"Credit Memos #","الائتمان المذكرات #"
"Bill To Name","بيل إلى اسم"
"Created At","التي تم إنشاؤها في"
Status,"حالة"
Amount,"المبلغ"
"To Become Seller Please Contact to Admin.","لتصبح البائع يرجى الاتصال على المشرف."
"<span class=""label"">Order Date:</span> %1","<span class=label>تاريخ الطلب:</span> %1"
"Buyer Information","المشتري المعلومات"
"Order Information","معلومات النظام"
"Shipping Address","عنوان الشحن"
"Shipping Method","طريقة الشحن"
"No shipping information available","لا معلومات الشحن المتاحة"
"Billing Address","عنوان الفواتير"
"ITEMS TO REFUND","البنود برد"
"Back To My Orders","العودة إلى أوامري"
"Return to Stock","العودة إلى الأسهم"
"Qty to Refund","الكمية برد"
"Items to Refund","البنود برد"
"Paid Amount","المبلغ المدفوع"
"Refund Amount","استرداد المبلغ"
"Shipping Amount","كمية الشحن"
"Shipping Refund","الشحن رد"
"Order Grand Total","من أجل المجموع الكلي"
"Credit Memo Comments","مذكرة الائتمان تعليقات"
"Refund Totals","رد المجاميع"
"Refund Shipping","رد الشحن"
"Append Comments","إلحاق تعليقات"
"Visible on Frontend","مرئي على الواجهة"
"Email Copy of Credit Memo","البريد الإلكتروني نسخة من مذكرة الائتمان"
"Refund Offline","رد حاليا"
"Refund Online","برد على الانترنت"
Refund,"رد"
"Creditmemo #%1","Creditmemo #%1"
"Are you sure you want to send credit memo email to customer?","هل أنت متأكد من أنك تريد أن ترسل مذكرة الائتمان عبر البريد الإلكتروني إلى العملاء ؟ "
"Send Email To Customer","إرسال بريد إلكتروني إلى العملاء"
"Send Email","إرسال البريد الإلكتروني"
Print,"طباعة"
"Order # %1","من أجل # %1"
"Order Status","حالة الطلب"
"Order Date","تاريخ الطلب"
"Payment & Shipping Method","دفع & شحن طريقة"
"Shipping and Tracking Information","الشحن وتتبع المعلومات"
"Download All Shipping Slip","تحميل جميع الشحن زلة"
"Download All Invoice Slip","تحميل جميع الفاتورة زلة"
"Order Id","معرف الطلب"
Date,"تاريخ"
"Search by Order Id","ابحث عن طريق معرف الطلب"
"Date From","تاريخ من"
"Date To","تاريخ"
All,"كل"
label,"التسمية"
"Download Invoice Slip","تحميل الفاتورة زلة"
"Date Untill","تاريخ حتى"
"Download Packaging Slip","تحميل التعبئة زلة"
"Items Invoiced","البنود فواتير"
"Total Price","السعر الإجمالي"
"Admin Commission","مشرف اللجنة"
"Vendor Total","بائع الكلي"
"Invoice #%1","فاتورة #%1"
"Are you sure you want to send invoice email to customer?","هل أنت متأكد من أنك تريد إرسال الفاتورة عبر البريد الإلكتروني إلى العملاء ؟ "
"Invoice Slip","فاتورة زلة"
"Print Invoice","طباعة الفاتورة"
"Manage Order #%1","إدارة النظام #%1"
"Are you sure you want to cancel this order?","هل أنت متأكد من أنك تريد إلغاء هذا النظام ؟ "
"Cancel Order","إلغاء النظام"
"Are you sure you want to send order email to customer?","هل أنت متأكد من أنك ترغب في إرسال طلب عبر البريد الإلكتروني إلى العملاء ؟ "
"Create Invoice to confirm collected amount from buyer for this order","إنشاء فاتورة لتأكيد جمع المبلغ من المشتري لهذا النظام"
"Are you sure you want to create invoice?","هل أنت متأكد من أنك تريد إنشاء الفاتورة ؟ "
Invoice,"الفاتورة"
"Pay Admin for his commission for this order","دفع الادارة له لجنة لهذا النظام"
"If you pay admin commission then you can not do refund for buyer in future. Are you sure you want to pay admin for his commission?","إذا كنت تدفع الادارة لجنة فإنك لا تستطيع أن تفعل المبلغ للمشتري في المستقبل. هل أنت متأكد من أنك تريد أن تدفع الادارة له."
"Pay Admin Commission","دفع الادارة لجنة"
"Create Credit Memo","إنشاء مذكرة الائتمان"
"Credit Memo","مذكرة الائتمان"
"Create Shipment for Order","إنشاء الشحن للطلب"
Ship,"السفينة"
Carrier,"الناقل"
"Tracking Number","رقم تتبع"
"Are you sure you want to create shipment?","هل أنت متأكد من أنك تريد إنشاء الشحنة ؟ "
"Order List Per Product","قائمة النظام في المنتج"
"Order #","من أجل #"
"Buyer Name","اسم المشتري"
"Sold on","تباع في"
Download,"تحميل"
"Shipping Slip","الشحن زلة"
"Items Shipped","العناصر التي يتم شحنها"
"Qty Shipped","الكمية التي يتم شحنها"
"Shipment #%1","الشحن #%1"
"Are you sure you want to send shipment email to customer?","هل أنت متأكد من أنك تريد أن ترسل شحنة عبر البريد الإلكتروني إلى العملاء ؟ "
"Send Tracking Information","إرسال تتبع المعلومات"
"Shipment Slip","الشحن زلة"
"Print Shipment","طباعة الشحن"
"Track this shipment","تتبع هذه الشحنة"
Add,"إضافة"
"Invoice and Packing Slip Address/VAT/Tax Information","فاتورة التعبئة زلة العنوان/ضريبة القيمة المضافة/ضريبة المعلومات"
"Save Information","حفظ المعلومات"
"Save & Duplicate","حفظ و مكررة"
"Attribute Set","تعيين سمة"
"Short Description","وصف قصير"
"SKU Available","الكود متوفر"
"SKU Already Exist","SKU موجودة بالفعل"
"Special Price","سعر خاص"
"Special Price From","سعر خاص من"
"Special Price To","سعر خاص"
Stock,"الأسهم"
"Stock Availability","توافر المخزون"
"In Stock","في الأوراق المالية"
"Out of Stock","من المخزون"
Visibility,"الرؤية"
"Please Select","يرجى تحديد"
"Tax Class","ضريبة الدرجة"
Weight,"الوزن"
"Does this have a weight?","- هل هذا الوزن ؟ "
"Meta Title","عنوان التعريف"
"Allowed Product Qty on Product Purchase for Customer","يسمح الكمية المنتج على شراء المنتج للعميل"
"By default %1 qty will be allowed for customer to add in cart.","بشكل افتراضي %1 الكمية سوف يسمح للعملاء لإضافة في عربة."
Warning,"تحذير"
"Please Complete","يرجى إكمال"
"Your Profile","ملفك الشخصي"
Continue,"تواصل"
"Product Type","نوع المنتج"
"Required Fields","الحقول المطلوبة"
"Cross-Sell Products","عبر بيع المنتجات"
"These ""impulse-buy"" products appear next to the shopping cart as cross-sells to the items already in the shopping cart.","هذه دفعة-شراء المنتجات تظهر بجانب عربة التسوق كما عبر تبيع البنود في عربة التسوق."
Enable,"تمكين"
Disable,"تعطيل"
"Step 2: Attribute Values","الخطوة 2: قيم السمة"
"Select values from each attribute to include in this product. Each unique combination of values creates a unigue product SKU.","حدد القيم من كل سمة أن تدرج في هذا المنتج. كل فريدة من نوعها مزيج من القيم يخلق unigue المنتج SKU."
"Sort Variations","نوع الاختلافات"
Options,"خيارات"
"Select All","حدد كافة"
"Deselect All","قم بإلغاء تحديد كافة"
"Remove Attribute","إزالة السمة"
"Save Option","حفظ الخيار"
"Remove Option","إزالة خيار"
"Create New Value","إنشاء قيمة جديدة"
"Step 3: Bulk Images,"السعر"
"Based on your selections <span class=""new-products-count"" data-bind=""text:countVariations""></span>
new products will be created. Use this step to customize images and price for your new products.","استنادا إلى التحديدات <span class=new-المنتجات-عد ربط البيانات= "text": countVariations></span>"
        new products will be created. Use this step to customize images and price for your new products."
Images,"الصور"
"Apply single set of images to all SKUs","تطبيق مجموعة واحدة من الصور لجميع طرازات"
"Apply unique images by attribute to each SKU","تطبيق صور فريدة من نوعها من قبل سمة لكل SKU"
"Skip image uploading at this time","تخطي تحميل الصور في هذا الوقت"
"Browse Files...","تصفح الملفات..."
"Browse to find or drag image here","استعرض للعثور على أو قم بسحب الصورة هنا"
"Remove image","إزالة صورة"
"Edit role","تحرير دور"
Hidden,"خفية"
"Alt Text","النص البديل"
Role,"دور"
"Hide from Product Page","الاختباء من صفحة المنتج"
"Select attribute","حدد السمة"
Select,"حدد"
"Apply single price to all SKUs","تطبيق سعر واحد لجميع طرازات"
"Apply unique prices by attribute to each SKU","تطبيق فريدة من نوعها الأسعار بنسبة سمة لكل SKU"
"Skip price at this time","تخطي السعر في هذا الوقت"
"Apply single quantity to each SKUs","تطبيق واحد الكمية لكل Sku"
"Apply unique quantity by attribute to each SKU","تطبيق فريدة من نوعها الكمية التي تنسب إلى كل الكود"
"Skip quantity at this time","تخطي الكمية في هذا الوقت"
"Step 1: Select Attributes","الخطوة 1: حدد سمات"
"Selected Attributes:","السمات المختارة:"
"Step 4: Summary","الخطوة 4: موجز"
"Downloadable Information","للتحميل المعلومات"
"Is this downloadable Product?","هذا للتحميل المنتج ؟ "
Links,"الروابط"
"Add links to your product files here.","إضافة روابط إلى ملفات المنتج هنا."
"[STORE VIEW]","[عرض متجر]"
[GLOBAL],"[العالمي]"
"Links can be purchased separately","روابط يمكن شراؤها بشكل منفصل"
"Sort Order","ترتيب"
"Attach File or Enter Link","إرفاق ملف أو إدخال رابط"
Sample,"عينة"
Shareable,"للمشاركة"
"Max. Downloads","ماكس. تنزيل"
"Add New Link","إضافة رابط جديد"
"Alphanumeric,"داش و تسطير الأحرف أوصت أسماء الملفات. غير سليمة يتم استبدال الأحرف مع '_'."
File,"الملف"
URL,"URL"
"Use config","استخدام التكوين"
Unlimited,"غير محدود"
"Add product preview files here.","إضافة منتج معاينة الملفات هنا."
"Use Default Value","استخدام القيمة الافتراضية"
"Configurable products allow customers to choose options (Ex: shirt color).
You need to create a simple product for each configuration (Ex: a product for each color).","شكلي المنتجات تتيح للعملاء اختيار الخيارات (Ex: قميص اللون)."
                You need to create a simple product for each configuration (Ex: a product for each color)."
"Edit Configurations","تحرير تكوينات"
"Create Configurations","إنشاء تكوينات"
"Current Variations","الاختلافات الحالية"
Actions,"الإجراءات"
"Upload Image","تحميل الصور"
"Upload image","تحميل الصور"
"No Image","لا صورة"
"Remove Product","إزالة المنتج"
"Create Product Configurations","إنشاء تكوينات المنتج"
Url,"Url"
"Preview Image","معاينة الصورة"
"Get Video Information","الحصول على معلومات الفيديو"
Title:,"العنوان:"
Uploaded:,"تم تحميلها:"
Uploader:,"رافع:"
Duration:,"المدة:"
"Product Images","صور المنتج"
"Add Video","إضافة الفيديو"
"Add video","إضافة الفيديو"
"Click here or drag and drop to add images.","انقر هنا أو السحب والإفلات لإضافة الصور."
"Delete video","حذف الفيديو"
"Make Base","جعل قاعدة"
"Product List","قائمة المنتجات"
"Product Status","حالة المنتج"
"Search by product name","البحث عن طريق اسم المنتج"
"From: ","من:"
"To: ","إلى:"
"Delete Products","حذف المنتجات"
"Qty. Confirmed","الكمية. أكد"
"Qty. Pending","الكمية. في انتظار"
"Qty. Sold","الكمية. تباع"
"Earned Amount","حصل على مبلغ"
"No Product Available","أي منتج متاح"
"Create Attribute for Configurable Products","إنشاء سمة شكلي المنتجات"
"Save Attribute","حفظ السمة"
"Attribute Code","السمة رمز"
"Attribute Label","تنسب التسمية"
"Catalog Input Type","كتالوج نوع الإدخال"
"Catalog Input Type for Store Owner","كتالوج نوع الإدخال لصاحب المحل"
Dropdown,"المنسدلة"
"Values Required","القيم المطلوبة"
"Related Products","المنتجات ذات الصلة"
"Related products are shown to customers in addition to the item the customer is looking at.","ذات الصلة يتم عرض المنتجات إلى العملاء بالإضافة إلى البند العملاء تبحث في."
"Up-Sell Products","ما يصل بيع المنتجات"
"An up-sell item is offered to the customer as a pricier or higher-quality alternative to the product the customer is looking at.","ما يصل بيع البند يتم تقديمها إلى العميل باعتباره سعرا أو أعلى-جودة بديل عن المنتج العملاء تبحث في."
"About Us","عنا"
"Average Rating (%1)","تصنيف متوسط (%1)"
"Write your Review","كتابة مراجعة"
"Average Price Rating (%1)","متوسط سعر تصنيف (%1)"
"5 Star (%1)","5 نجوم (%1)"
"4 Star (%1)","4 (%1)"
"3 Star (%1)","3 (%1)"
"2 Star (%1)","نجوم 2 (%1)"
"1 Star (%1)","1 نجمة (%1)"
"Average Value Rating (%1)","متوسط قيمة التقييم (%1)"
"Average Quality Rating (%1)","متوسط تقييم الجودة (%1)"
"By %1 ","بواسطة %1"
Rating,"تصنيف"
Pricing,"التسعير"
"Write Your Own Feedback","الكتابة الخاصة بك وردود الفعل"
"How do you rate this Store","كيف تقيم هذا المتجر"
star,"نجوم"
stars,"النجوم"
Nickname,"لقب"
"Summary of Your Review","ملخص الاستعراض الخاص بك"
"Submit Review","تقديم استعراض"
"You need to purchase item(s) first to make a review.","تحتاج إلى شراء البند(ق) أول إجراء الاستعراض."
"Login To Give Feedback","تسجيل الدخول إلى إعطاء ملاحظات"
item,"البند"
items,"البنود"
"Now Shopping by","الآن التسوق من قبل"
Previous,"السابقة"
"Remove This Item","إزالة هذا البند"
"Shop By","المحل من قبل"
"Clear All","مسح جميع"
"Shopping Options","خيارات التسوق"
"Contact Seller","الاتصال البائع"
"Your Name","اسمك"
"Your Email","البريد الإلكتروني الخاص بك"
"Your mail has been sent.","البريد الخاص بك قد تم إرسالها."
About,"عن"
Return,"عودة"
"Browse BY","تصفح عن طريق"
"SELLER'S CATEGORY","البائع الفئة"
"Remove Category %1","إزالة الفئة %1"
"Search sellers by shop name from here","البحث عن البائعين من خلال اسم المحل من هنا"
"No Seller Available","لا البائع المتاحة"
"%1 Total Products","%1 من إجمالي المنتجات"
Cancel,"إلغاء"
Next,"القادم"
"Transaction Id","رقم المعاملات"
"Search by Transaction Id","البحث عن طريق رقم المعاملات"
"Download .CSV","تحميل .CSV"
"No Transaction Available","لا المعاملات المتاحة"
"Comment Message","التعليق الرسالة"
"Transaction Amount","مبلغ الصفقة"
"Transaction Id %1 - %2","رقم المعاملات %1 - %2"
"Transaction Information","معلومات الصفقة"
Method,"طريقة"
"Transaction Order Information","من أجل المعاملات المعلومات"
"Total Discount","مجموع الخصم"
"Total Shipping","إجمالي الشحن"
Statement,"بيان"
"Total Seller earning","مجموع البائع كسب"
"base currency","العملة الأساسية"
Tax,"الضرائب"
Withdrawal,"الانسحاب"
"Remaining Payout","المتبقية دفع تعويضات"
"Make a Withdrawal","جعل الانسحاب"
"Contact Us","الاتصال بنا"
"Vendor Domain","بائع المجال"
"%1 Vendor domain already assigned.","%1 بائع المجال تعيينه بالفعل."
"Store View:","عرض متجر:"
"Stores Configuration","مخازن التكوين"
"Please confirm scope switching. All data that hasn't been saved will be lost.","الرجاء التأكد من نطاق التحول. جميع البيانات التي لم يتم حفظها سوف تضيع."
Hello,"مرحبا"
"There is a new message from ","هناك رسالة جديدة من"
"Message :","الرسالة :"
"Thank you","شكرا لك"
"Hello %customer_name,""
"A request for quote has been arrived. Please <a href=""%account_url"">login into your account</a>.","طلب للحصول على الاقتباس قد وصلت. الرجاء <a href=%account_url>تسجيل الدخول إلى الحساب الخاص بك</a>."
"Please find the following details:","يرجى الاطلاع على التفاصيل التالية:"
"Requested Quote Topic <span class=""no-link"">: %subject</span>","طلب اقتباس الموضوع <span class=لا-link>: %الموضوع</span>"
"Requested Quote Description <span class=""no-link"">: %subject</span>","طلب اقتباس الوصف <span class=لا-link>: %الموضوع</span>"
"Reply on Requested quote","الرد على طلب الاقتباس"
"A message has been sent by supplier regarding quote. Please <a href=""%account_url"">login into your account</a>. for more details.","رسالة تم إرسالها من قبل المورد بخصوص الاقتباس. الرجاء <a href=%account_url>تسجيل الدخول إلى الحساب الخاص بك</a>. للحصول على مزيد من التفاصيل."
"Quote Request Id <span class=""no-link"">: #%request_id</span>","اقتباس معرف طلب <span class=لا-link>: #%request_id</span>"
"Quote Topic <span class=""no-link"">: %subject</span>","اقتبس الموضوع <span class=لا-link>: %الموضوع</span>"
"Bulk Quote Quantity <span class=""no-link"">: %bulk_quote_qty</span>","الأكبر اقتباس الكمية <span class=لا-link>: %bulk_quote_qty</span>"
"Quote Price Per Quantity <span class=""no-link"">: %quote_price</span>","اقتباس السعر في الكمية <span class=لا-link>: %quote_price</span>"
"Quote Item Status <span class=""no-link"">: %status</span>","اقتباس البند حالة <span class=لا-link>: %حالة</span>"
"Note Message <span class=""no-link"">: %message</span>","رسالة ملاحظة <span class=لا-link>: %رسالة</span>"
"A message has been sent by customer regarding quote. Please <a href=""%account_url"">login into your account</a>. for more details.","رسالة تم إرسالها من قبل العميل فيما يتعلق الاقتباس. الرجاء <a href=%account_url>تسجيل الدخول إلى الحساب الخاص بك</a>. للحصول على مزيد من التفاصيل."
"Click here","انقر هنا"
"to verify email address and earn Verified Supplier Badge.","للتحقق من عنوان البريد الإلكتروني وكسب التحقق من المورد شارة."
"%customer_name,""
"I would like to ask a question regarding the product.","أود أن أسأل سؤال بشأن المنتج."
Question,"السؤال"
"I would like to ask a question,"يرجى العودة الى لي في اسرع وقت ممكن."
"A question has been ask by seller please revert back to him as soon as possible.","السؤال قد طرح من قبل البائع يرجى العودة إليه في أقرب وقت ممكن."
"Seller's Name","البائع اسم"
"Seller's Question","البائع في السؤال"
"This is to inform you that ","هذا هو أن أحيطكم علما بأن"
" has requested to become a seller.","وقد طلبت أن تصبح البائع."
"Please ","من فضلك"
" Click here","انقر هنا"
" to login.","إلى تسجيل الدخول."
%seller_message,"%seller_message"
"Please approve the product as soon as possible.","يرجى الموافقة على المنتج في أقرب وقت ممكن."
"I would like to inform you that your product is in low stock.","أود أن أحيطكم علما أن المنتج الخاص بك هو في الأسهم منخفضة."
"You can increase the product stock by <a href=""%account_url"">logging into your account</a>.","يمكنك زيادة المخزون المنتج <a href=%account_url>تسجيل الدخول إلى الحساب الخاص بك</a>."
"Your Product Information-","معلومات المنتج الخاص الزبائنبك-"
Sku,"الكود"
"Stock Quantity","كمية المخزون"
"I would like to inform you that one of your order has been invoiced.","أود أن أحيطكم علما بأن واحدة من طلبك قد تم الفاتورة."
"You can check your order by <a href=""%account_url"">logging into your account</a>.","يمكنك التحقق من النظام الخاص بك <a href=%account_url>تسجيل الدخول إلى الحساب الخاص بك</a>."
"Your Order <span class=""no-link"">#%increment_id</span>","طلبك <span class=لا-link>#%increment_id</span>"
"Placed on <span class=""no-link"">%created_at</span>","وضعت على <span class=لا-link>%created_at</span>"
"Billing Info","معلومات الفوترة"
Item,"البند"
"I would like to inform you that a order has been sold from the store.","أود أن أبلغكم بأن هذا النظام تم بيعها من المتجر."
"You can check the status of your order by <a href=""%account_url"">logging into your account</a>.","يمكنك التحقق من حالة طلبك من خلال <a href=%account_url>تسجيل الدخول إلى الحساب الخاص بك</a>."
"I would like to inform you that your product has been approved.","أود أن أحيطكم علما أن المنتج الخاص بك قد تم الموافقة عليها."
"This is to inform you that your product has been denied from approval.","هذا هو أن أحيطكم علما بأن المنتج الخاص بك قد حرم من الموافقة."
"Deny Reason","ينكر السبب"
"Product Information","معلومات المنتج"
"I would like to inform you that your product has been disapproved.","أود أن أحيطكم علما أن المنتج الخاص بك قد تم رفضها."
"This is to inform you that you are approved as seller.","هذا هو أن أحيطكم علما أن كنت كما وافق البائع."
"Click here ","انقر هنا"
"to login.","إلى تسجيل الدخول."
"This is to inform you that you are denied to become a seller.","هذا هو أن أحيطكم علما بأن كنت لا أنكر أن تصبح البائع."
"Seller Name","اسم البائع"
"This is to inform you that you are disapproved from seller.","هذا هو أن أحيطكم علما بأن كنت مرفوض من البائع."
"I would like to inform you that your payment for your order(s) has been successfully done.","أود أن أحيطكم علما بأن الدفع الخاص بك في النظام الخاص بك(ق) قد تم بنجاح."
"You can check your transaction by <a href=""%account_url"">logging into your account</a>.","يمكنك التحقق من المعاملات الخاصة بك <a href=%account_url>تسجيل الدخول إلى الحساب الخاص بك</a>."
"Transaction Id <span class=""no-link"">#%increment_id</span>","رقم المعاملات <span class=لا-link>#%increment_id</span>"
"Request to withdraw an amount ","طلب سحب مبلغ"
" is received from seller %seller.","يتم استلامها من البائع %البائع."
"Please check after <a href=""%account_url"">logging into your account</a>.","يرجى التحقق بعد <a href=%account_url>تسجيل الدخول إلى الحساب الخاص بك</a>."
"Approve Quote","الموافقة على الاقتباس"
"Reject Quote","رفض اقتباس"
"We don't recognize or support this file extension type.","نحن لا ندرك أو دعم هذا امتداد الملف نوع."
"There was error during verifying seller shop data","كان هناك خطأ أثناء التحقق من متجر البائع البيانات"
"Please select required options.","حدد الخيارات المطلوبة."
Attention,"الاهتمام"
"Select All on This Page","حدد كافة في هذه الصفحة"
"Deselect All on This Page","قم بإلغاء تحديد كل ما في هذه الصفحة"
"Go to Details Page","انتقل إلى صفحة تفاصيل"
"New Product Review","المنتج الجديد استعراض"
"Here are the products you're about to create.","هنا هي المنتجات أنت على وشك إنشاء."
"Associated Products","المنتجات المرتبطة"
"You created these products for this configuration.","لقد خلقت هذه المنتجات على هذا التكوين."
"Disassociated Products","نأت المنتجات"
"These products are not associated.","هذه المنتجات ليست المرتبطة بها."
"We could not detect a size.","ونحن لا يمكن الكشف عن الحجم."
"Disable Product","تعطيل المنتج"
"Enable Product","تمكين المنتج"
"New Attribute","سمة جديدة"
"Configure Product","تكوين المنتج"
OK,"طيب"
"Invalid Image Extension. Allowed extensions are jpg,"jpef"
"Are you sure you want to delete this banner?","هل أنت متأكد من أنك تريد حذف هذا بانر ؟ "
"Are you sure you want to delete this logo?","هل أنت متأكد من أنك تريد حذف هذا الشعار ؟ "
"Invalid address.","عنوان غير صالح."
"There was error during fetching results.","كان هناك خطأ أثناء جلب النتائج."
"Wrong verification number.","الخطأ رقم التحقق."
" Shop URL For Your Marketplace Shop ","متجر URL الخاص بك في السوق المحل"
" (This will be used to display your public profile) ","(هذا سيتم استخدامها لعرض ملفك الشخصي)"
"Incl. Tax","ث. الضرائب"
"Video Error","فيديو خطأ"
"Unknown video type","غير معروف نوع الفيديو"
"Invalid video url","صالح رابط الفيديو"
"Youtube API key is invalid","يوتيوب مفتاح API غير صالح"
"Video cant be shown due to the following reason: ","الفيديو لا يمكن أن يكون هو موضح يرجع ذلك إلى الأسباب التالية:"
"Video not found","الفيديو غير موجود"
"New Video","فيديو جديد"
"Edit Video","تحرير الفيديو"
"Images and Videos","الصور ومقاطع الفيديو"
"Image Detail","تفاصيل الصورة"
"Default Store View","افتراضي عرض متجر"
Position,"موقف"
"Is Default","هو الافتراضي"
"Add Option","إضافة خيار"
"Delete Row","حذف صف"
"SKU can't be left empty","الكود لا يمكن أن تترك فارغة"
options,"خيارات"
Select...,"حدد..."
Selected,"مختارة"
" Are you sure you want to edit this product ? ","هل أنت متأكد من أنك ترغب في تعديل هذا المنتج ؟ "
" No Checkbox is checked ","لا يتم تحديد خانة الاختيار التحقق"
" Are you sure you want to delete these product ? ","هل أنت متأكد من أنك تريد حذف هذه المنتجات ؟ "
" Are you sure you want to delete this product ? ","هل أنت متأكد من أنك تريد حذف هذا المنتج ؟ "
"Select Associated Product","حدد المنتج ذات الصلة"
"For better results,"إضافة سمات وقيم السمات إلى المنتجات الخاصة بك."
"An attribute has been removed. This attribute will no longer appear in your configurations.","سمة قد أزيلت. هذه السمة سوف لم تعد تظهر في التكوينات الخاصة بك."
"Select options for all attributes or remove unused attributes.","اختر الخيارات لجميع الصفات أو إزالة غير المستخدمة الصفات."
"Please,"حدد سمة القسم"
"Please fill in the values for the section ","يرجى ملء قيم المقطع"
"Please,"ملء القيم الصحيحة"
"Please,"حدد صورة(s) الخاص بك السمة"
"Please choose image(s)","يرجى اختيار صورة(ق)"
"Please,"حدد السمة(s)"
"Generate Products","توليد المنتجات"
"Requested Quotes","طلب أسعار"
"Send New Message Mail Template","إرسال رسالة بريد قالب"
"Verified Supplier Mail Template","التحقق من المورد قالب البريد"
"Request for Quote Mail to Supplier Template","طلب اقتباس البريد المورد قالب"
"Request for Quote Reply Mail to Supplier Template","طلب اقتباس رد بريد إلكتروني إلى المورد قالب"
"Request for Quote Reply Mail to Customer Template","طلب اقتباس رد بريد إلكتروني إلى العملاء قالب"
Webkul,"Webkul"
"General Settings","الإعدادات العامة"
"Admin Email-id","المشرف البريد الإلكتروني معرف"
"Global Commission Rate","اللجنة العالمية معدل"
"Should be integer value like 20","يجب أن تكون قيمة عدد صحيح مثل 20"
"Allow Seller to Manage Orders","تسمح البائع لإدارة أوامر"
"Move Product Tax to Seller Account","نقل المنتج الضرائب إلى حساب البائع"
"Seller Approval Required","البائع الموافقة المطلوبة"
"Set Captcha Enable","مجموعة Captcha تمكين"
"Seller Dashboard Layout Settings","البائع تخطيط لوحة الإعدادات"
"Allow seller separate dashboard","تسمح البائع منفصلة لوحة التحكم"
"Seller dashboard logo image","البائع لوحة صورة الشعار"
"Seller Product's Settings","البائع المنتج إعدادات"
"Attribute Set ID","تعيين سمة معرف"
"Product Approval Required","الموافقة على المنتج المطلوب"
"Product Update Approval Required","تحديث المنتج الموافقة المطلوبة"
"Allow Category tree view like admin product category tree","تسمح فئة عرض شجرة مثل المشرف فئة المنتج شجرة"
"Allowed Categories for seller to add products","الفئات المسموح بها على البائع لإضافة المنتجات"
"e.g Please enter category ids by comma(,") فصل"
"Product Type For Seller","نوع المنتج على البائع"
"Allow seller to add products with sku type","تسمح البائع لإضافة المنتجات مع الكود نوع"
"Product Sku Prefix","المنتج Sku البادئة"
"e.g if sku prefix = ""xyz"" then your product sku will be as xyz-productsku","هـ.ز إذا sku بادئة = xyz ثم المنتج الخاص بك الكود سوف يكون مثل xyz-productsku"
"Allow Seller to Add Related Products","تسمح البائع لإضافة المنتجات ذات الصلة"
"Allow Seller to Add Up-Sell Products","تسمح البائع إلى إضافة ما يصل بيع المنتجات"
"Allow Seller to Add Cross-Sell Products","تسمح البائع لإضافة عبر بيع المنتجات"
"Allow Seller to Add Limit on Product Purchase for Customer","تسمح البائع لإضافة حد على شراء المنتج للعميل"
"e.g if set 5 then customer will allowed to add maximum 5 qty of the products in cart.","هـ.ز إذا وضع 5 ثم العملاء سوف يسمح لإضافة أقصى 5 الكمية من المنتجات في عربة التسوق."
"Seller Order's Settings","النظام البائع إعدادات"
"Order Approval Required","من أجل الموافقة المطلوبة"
"Inventory Settings","المخزون الإعدادات"
"Enable Low Notification","تمكين الإعلام منخفضة"
"Allow to send low stock notification mail to sellers","تسمح بإرسال إشعار الأسهم منخفضة البريد إلى الباعة"
"Low Stock Quantity","انخفاض كمية المخزون"
"Allow to send low stock notification mail to sellers when product quantity will be equal or less then this quantity","تسمح بإرسال إشعار الأسهم منخفضة البريد إلى الباعة عندما كمية المنتج سوف تكون مساوية أو أقل من هذه الكمية"
"Seller Profile Page Settings","البائع صفحة الإعدادات"
"Display Seller Profile","عرض البائع الشخصي"
"Enable Color Picker","تمكين لون منقار"
"Allow sellers to change their profile page background color","تسمح الباعة إلى تغيير صورتهم لون خلفية الصفحة"
"Seller Policies Enable at frontend","البائع سياسات تمكين في الواجهة"
"Rewrite Seller's Shop URL","كتابة البائع في المحل URL"
"Allow sellers to manage their shop URL","تسمح البائعين لإدارة متجر URL"
"Allow to automatic create seller public url on seller registration","السماح التلقائي إنشاء البائع url العامة على البائع التسجيل"
"Automatic create seller public url as profile url - yourwebsite.com/seller-shop-url,"جمع url yourwebsite.com/seller-shop-url/collection"
"Marketplace Seller Review Settings","السوق البائع مراجعة الإعدادات"
"Make a Review on only Order Purchase","إجراء استعراض على أمر الشراء"
"Allow only authorize buyers to review for seller","تسمح فقط يأذن المشترين إلى مراجعة البائع"
"Landing Page Settings","الصفحة المقصودة الإعدادات"
"Marketplace Landing Page Head Title","السوق الصفحة المقصودة رئيس العنوان"
"e.g Turn Your Passion Into a Business","هـ.ز تتحول العاطفة الخاصة بك في الأعمال التجارية"
"Marketplace Landing Page Layout","السوق تخطيط الصفحة المقصودة"
"e.g Select Layout Which will be seen at frontend","هـ.ز حدد التخطيط الذي سوف ينظر في الواجهة"
"Display Banner","عرض راية"
"Banner Image","صورة لافتة"
"Banner Content","لافتة المحتوى"
"This content will be display over the banner image in the marketplace landing page url-www.yourwebsite.com/marketplace","هذا المحتوى سيتم عرض أكثر من صورة لافتة في السوق الصفحة المقصودة url-www.yourwebsite.com/marketplace"
"Marketplace Landing Page Label1","السوق الصفحة المقصودة Label1"
"e.g Turn Your Passion Into a Business (will be display above all feature's icons)","هـ.ز تتحول العاطفة الخاصة بك في الأعمال التجارية (سيتم عرض فوق كل ميزة الرموز)"
"Marketplace Landing Page Label2","السوق الصفحة المقصودة Label2"
"e.g Sellers with Taste (will be display above top 4 seller's block)","هـ.ز البائعين مع الذوق (سيتم عرض فوق أعلى 4 البائع كتلة)"
"Marketplace Landing Page Label3","السوق الصفحة المقصودة Label3"
"e.g More than 500 shop owners have joined us last month (will be display above ""View All Sellers"" button)","هـ.ز أكثر من 500 من أصحاب المحلات انضموا إلينا في الشهر الماضي (سيتم عرض فوق عرض كافة الباعة زر)"
"Marketplace Landing Page Label4","السوق الصفحة المقصودة Label4"
"e.g Why to sell with us (will be display above marketplace content)","هـ.ز لماذا لبيع معنا (سيتم عرض أعلاه السوق المحتوى)"
"Marketplace Landing Page Button Label","السوق الصفحة المقصودة تسمية الزر"
"e.g Open a Marketplace Shop - this will also display over banner","هـ.ز فتح السوق المحل هذا أيضا عرض أكثر من راية"
"Display Icons","عرض الرموز"
"Feature:1 Icon","ميزة:1 رمز"
"Feature:1 Icon Label","ميزة:1 رمز التسمية"
"e.g Register Yourself","هـ.ز تسجيل نفسك"
"Feature:2 Icon","ميزة:2 رمز"
"Feature:2 Icon Label","ميزة:2 رمز التسمية"
"e.g Add Products","هـ.ز إضافة المنتجات"
"Feature:3 Icon","ميزة:3 رمز"
"Feature:3 Icon Label","ميزة:3 رمز التسمية"
"e.g Start Selling","هـ.ز البدء في بيع"
"Feature:4 Icon","ميزة:4 رمز"
"Feature:4 Icon Label","ميزة:4 رمز التسمية"
"e.g Generate Revenues","هـ.ز توليد الإيرادات"
"About Marketplace","عن السوق"
"e.g webkul","هـ.ز webkul"
"Marketplace Seller List Page Top Label","السوق قائمة البائع أعلى الصفحة التسمية"
"Marketplace Seller List Page Bottom Label","السوق قائمة البائع أسفل الصفحة التسمية"
"Marketplace Landing Page Layout2 Button Label","السوق الصفحة المقصودة Layout2 تسمية الزر"
"e.g Open your shop - this will also display over banner button","هـ.ز فتح المحل الخاص بك - وهذا أيضا عرض على راية زر"
"Terms and Conditions URL","شروط URL"
"e.g Terms and Conditions link(cms page link) where customer will see all the terms of becoming seller,"url سيتم تبدو - http://www.yourwebsite.com/terms-conditions"
"Marketplace Landing Page Layout3 Button Label","السوق الصفحة المقصودة Layout3 تسمية الزر"
"e.g Really easy to setup and customize (will be display above all feature's icons)","هـ.ز حقا سهلة الإعداد وتخصيص (سيتم عرض فوق كل ميزة الرموز)"
"e.g Why to sell with us","هـ.ز لماذا لبيع معنا"
"e.g Open your online shop and Explore a new world of market with more than millions of shoppers(will be display above ""View All Sellers"" button)","هـ.ز فتح متجر على الانترنت الخاص بك واستكشاف عالم جديد من السوق مع أكثر من الملايين من المتسوقين(سيتم عرض فوق عرض كافة الباعة زر)"
"e.g Create an Account","هـ.ز إنشاء حساب"
"e.g Customize your Profile","هـ.ز تخصيص ملف التعريف الخاص بك"
"e.g Add your Details","هـ.ز إضافة التفاصيل الخاصة بك"
"e.g Add your Product Listing","هـ.ز إضافة قائمة المنتجات"
"Feature:5 Icon","ميزة:5 رمز"
"Feature:5 Icon Label","ميزة:5 رمز التسمية"
"e.g Sell your Product and Earn Profits","هـ.ز بيع المنتج الخاص بك وكسب الأرباح"
"e.g Terms and Conditions link(cms page link) where customer will see all the terms of becoming seller,"url سيتم تبدو -www.yourwebsite.com/terms-conditions"
"Display Seller registration block on customer registration page","عرض البائع التسجيل كتلة على العملاء صفحة التسجيل"
"Marketplace Product Page Fields Hints","السوق صفحة المنتج من حقول تلميحات"
"Enable Product Hints","تمكين المنتج تلميحات"
"Product Short Description","المنتج وصف قصير"
"Product Special Price","المنتج سعر خاص"
"Product Special Price Start Date","المنتج سعر خاص تاريخ بدء"
"Product Special Price End Date","المنتج سعر خاص تاريخ انتهاء"
"Product Stock Availability","المنتج توافر المخزون"
"Product Tax Types","المنتج أنواع الضرائب"
"Product Weight","وزن المنتج"
"Product Image","صورة المنتج"
"Product Enable","المنتج تمكين"
"Marketplace Profile Page Fields Hints","السوق صفحة حقول تلميحات"
"Enable Profile Hints","تمكين تلميحات الشخصي"
"Do You Want To Become Seller/Vendor?","هل تريد أن تصبح البائع/الموردين ؟ "
"Profile Twitter id","الملف الشخصي تويتر id"
"Profile Facebook id","ملف تعريف Facebook id"
"Profile Contact Number","الملف الشخصي رقم الاتصال"
"Profile Background Color","ملف تعريف لون الخلفية"
"Profile Shop Name","تعريف اسم المحل"
"Profile Shop Banner Image","الملف الشخصي صورة لافتة المحل"
"Profile Company Logo","الملف الشخصي شعار الشركة"
"Profile Company Locality","تعريف الشركة محلة"
"Profile Company Description","الملف الشخصي وصف الشركة"
"Profile Country","الملف الشخصي البلد"
"Profile Meta Keywords","ملف ميتا الكلمات الرئيسية"
"Profile Meta Description","الملف الشخصي وصف ميتا"
"Profile Payment Information","ملف معلومات الدفع"
"Marketplace Transactional Emails","السوق رسائل البريد الإلكتروني للمعاملات"
"Seller Approved Template","البائع وافق قالب"
"Seller Request Template","البائع طلب قالب"
"Seller Unsubscribe Template","البائع إلغاء الاشتراك قالب"
"Seller Deny by Admin Template","والبائع ينكر بواسطة المشرف قالب"
"Product Deny by Admin Template","المنتج ينكر بواسطة المشرف قالب"
"Product Approval Request to Admin Template","المنتج الموافقة على طلب قالب المشرف"
"Product Edit Approval Request to Admin Template","تعديل المنتج الموافقة على طلب قالب المشرف"
"Ask Question to Seller Regarding Product Template","طرح السؤال على البائع فيما يتعلق المنتج قالب"
"Ask Question to Seller Template","اسأل سؤال البائع قالب"
"Ask Question to Admin By Seller Template","طرح سؤال على المشرف قبل البائع قالب"
"Product approval Mail to Seller Template","الموافقة على المنتج البريد إلى البائع قالب"
"Product disapproval Mail to Seller Template","المنتج الرفض البريد إلى البائع قالب"
"Seller Order Placed Notification Mail Template","النظام البائع وضع الإخطار قالب البريد"
"Seller Order Invoiced Notification Mail Template","النظام البائع الفاتورة إعلام قالب البريد"
"Seller Transaction Mail Template","البائع الصفقة قالب البريد"
"Seller Low Stock Notification Template","البائع إشعار الأسهم منخفضة قالب"
"Withdrawal Request Mail Template","طلب سحب قالب البريد"
"Quote Id","اقتباس Id"
"Quote Description","اقتباس الوصف"
"Total Products","إجمالي المنتجات"
"Total Quantity","الكمية الإجمالية"
"Supplier Dashboard","المورد لوحة التحكم"
"Order Total","الطلب الكلي"
"(Excl. Tax)","(بدون ضريبة القيمة المضافة. الضرائب)"
"(Incl. Tax)","(ث. الضرائب)"
"Order Total Excl. Tax","الطلب الكلي بدون ضريبة القيمة المضافة. الضرائب"
"Order Total Incl. Tax","مجموع أجل ث. الضرائب"
"Company Info","معلومات عن الشركة"
"Url Settings","رابط الإعدادات"
Categories,"فئات"
"Verified Supplier","التحقق من المورد"
"My Requested Quote","طلب اقتباس"
"Supplier Login","المورد تسجيل الدخول"
"Supplier Registration","تسجيل الموردين"
"Demo User Limit Setting","التجريبي المستخدم الحد من إعداد"
"Restricted Product Id","تقييد معرف المنتج"
"Enter comma(,") seprated"
"Demo Management","Demo إدارة"
"Demo Mode","طريقة العرض"
"Demo Details","Demo التفاصيل"
"Demo Page Heading","Demo عنوان الصفحة"
"Demo Page description","صفحة التجريبي الوصف"
"Customer Email","عملاء البريد الإلكتروني"
"Git Informations","بوابة المعلومات"
"Git Username","بوابة المستخدم"
"Git Password","بوابة المرور"
"Git Url","بوابة Url"
"Git Repo","بوابة الريبو"
"Add New Module","إضافة وحدة نمطية جديدة"
"Change status","تغيير الحالة"
20,"عشرين"
30,"ثلاثين"
50,"خمسين"
100,"مائة"
200,"مائتي"
"Addon Name","الملحق اسم"
"Demo Product Information","Demo معلومات المنتج"
"Product Details","تفاصيل المنتج"
"Select Demo","حدد Demo"
"Select Product","حدد المنتج"
"Remove Blocks","إزالة كتل"
"Mass Delete","كتلة حذف"
"Demo Name","Demo اسم"
"Seller ID","معرف البائع"
"Commission Rate(%)","لجنة معدل(%)"
"Received Amount","تلقى المبلغ"
"Commission Amount","لجنة المبلغ"
"Remaining Amount","المبلغ المتبقي"
"Last Paid Amount","آخر دفع المبلغ"
Disapprove,"يوافقون"
"Are you sure you want to disapprove selected feedback as default customer?","هل أنت متأكد من أنك تريد يوافقون على اختيار ردود الفعل الافتراضي العملاء ؟ "
Approve,"الموافقة على"
"Are you sure you want to approve selected customer as feedback?","هل أنت متأكد من أنك تريد الموافقة على اختيار العملاء ردود الفعل ؟ "
"Price Rating(in star)","سعر تصنيف(في النجوم)"
"Value Rating(in star)","تصنيف القيمة(في النجوم)"
"Quality Rating(in star)","تقييم الجودة(في النجوم)"
"Feed Summary","تغذية ملخص"
"Feed Review","تغذية استعراض"
Created,"خلق"
Order#,"من أجل#"
"Purchased On","شراؤها على"
"Quantity to be Paid","كمية تدفع"
"Product Total","المنتج مجموع"
"Coupon Amount","مبلغ القسيمة"
"Total Seller Amount","إجمالي المبلغ للبائع"
"Total Commission","مجموع اللجنة"
"Paid Status","دفعت حالة"
"Are you sure you want to disapprove selected items?","هل أنت متأكد من أنك تريد يوافقون على اختيار العناصر ؟ "
"Are you sure you want to approve selected items?","هل أنت متأكد من أنك تريد الموافقة على اختيار العناصر ؟ "
"Product ID","معرف المنتج"
"Store View","عرض متجر"
Modified,"تعديل"
Preview,"المعاينة"
"Product View","عرض المنتج"
"Are you sure you want to disapprove selected seller as default customer?","هل أنت متأكد من أنك تريد يوافقون على اختيار البائع كما الافتراضي العملاء ؟ "
"Are you sure you want to approve selected customer as seller?","هل أنت متأكد من أنك تريد الموافقة على اختيار العملاء البائع ؟ "
"Seller Email","البائع البريد الإلكتروني"
"Seller Status","مركز البائع"
ZIP,"الرمز البريدي"
"Web Site","الموقع"
"Seller Since","البائع منذ"
"Approval Status","حالة الموافقة"
"Approve Order","الموافقة على النظام"
"Are you sure you want to approve selected order?","هل أنت متأكد من أنك تريد الموافقة على اختيار النظام ؟ "
Sell,"بيع"
"Vendor Dashboard","بائع لوحة التحكم"
"Vendor Login","بائع تسجيل الدخول"
"Marketplace Become Seller","السوق أصبح البائع"
"My Customer History","بلدي العملاء التاريخ"
"Marketplace Edit Seller Profile","السوق تحرير البائع الشخصي"
"New Credit Memo","ائتمان جديدة Memo"
"View Memo","عرض مذكرة"
"View All Memos","عرض جميع المذكرات"
"View Invoice Details","عرض تفاصيل الفاتورة"
"Order Details","تفاصيل النظام"
"View Shipment Details","عرض تفاصيل الشحن"
"View Order Details","عرض تفاصيل النظام"
"Marketplace Add New Product","السوق إضافة المنتج الجديد"
"Manage Configurable Product's Attribute","إدارة شكلي المنتج السمة"
"Marketplace Edit Product","السوق تحرير المنتج"
"Transactions Details","المعاملات التفاصيل"
Thumbnail,"الصور المصغرة"
AttributeSetText,"AttributeSetText"
StatusText,"StatusText"
"Contact No.","الاتصال لا."
Gender,"الجنس"
"Base Total","قاعدة المجموع"
"Purchased Total","شراء إجمالي"
Details,"التفاصيل"
Time,"الوقت"
Required,"مطلوب"
System,"نظام"
Visible,"مرئية"
Scope,"نطاق"
Searchable,"للبحث"
Comparable,"للمقارنة"
"Are you sure you want to delete selected products?","هل أنت متأكد من أنك تريد حذف اختيار المنتجات ؟ "
"Qty Sold","الكمية المباعة"
"Qty Confirmed","أكد الكمية"
"Qty Pending","الكمية انتظار"
"Seller Subdomain","البائع فرعي"
"Global Seller Subdomain Settings","العالمية البائع فرعي الإعدادات"
"If set yes then ""Rewrite Seller's Shop URL"" and ""Allow to automatic create seller public url on seller registration"" settings under ""Marketplace Seller Profile Page"" will not work.","إذا تم تعيين " نعم " ثم كتابة البائع في المحل URL السماح التلقائي إنشاء البائع url العامة على البائع إعدادات التسجيل تحت السوق البائع صفحة لا تعمل."
Prefix,"بادئة"
"only characters(a-z),"الأرقام(0"
"Display Only Seller's Public Pages On Seller's Domain","عرض البائع الصفحات العامة على البائع المجال"
"Display Admin's Products On Category Page","عرض المشرف على المنتجات على صفحة الفئة"
"Customer Vendor Subdomain Settings","العملاء البائعين فرعي الإعدادات"
"If set yes then you have to set url for each vendor under customer->edit->Vendor Domain.","إذا تم تعيين " نعم " ثم يجب عليك تعيين عنوان url لكل بائع في إطار العملاء->تحرير->بائع المجال."
"Open a B2B Marketplace Shop","افتح متجر تسوق B2B"
"Yes, Sample are required","نعم ، مطلوب عينة"
"No, Sample are not required","لا ، ليست مطلوبة العينة"
"You added product %1 to the <a href=""%2"">comparison list</a>.","يمكنك إضافة المنتج %1 <a href=%2>المقارنة قائمة</a>."
"You added %1 to your shopping cart.","إضافة %1 إلى سلة التسوق الخاصة بك."
"Email Address(test@webkul.com)","عنوان البريد الإلكتروني (test@webkul.com)"
"Password(demo123)","كلمة المرور(demo123)"
"All Kind of Fashion Accessories","كل نوع من إكسسوارات الموضة"
"The Fashion Designer","مصمم الأزياء"